@timestamp,actor,pat_id,action,ip_address,country_code,country_name,city,latitude,longitude,asn,network_carrier,user_agent,token_scope,is_proxy_or_vpn,event_source
2026-06-18T13:41:53.301597Z,eva.rossi,pat_005_fgp,repo.fetch,177.154.81.224,US,United States,New York,40.73876353376356,-74.01955883251428,AS7018,AT&T US,GitHub CLI 2.52.0,"repo:read,workflow:read",False,github.audit_log
2026-06-18T13:59:49.301597Z,felix.tremblay,pat_006_fgp,repo.clone,52.254.177.134,CA,Canada,Montreal,45.50293337054684,-73.54804958763685,AS577,Bell Canada,GitHub CLI 2.52.0,"repo:read,user:email",False,github.audit_log
2026-06-18T14:26:36.301597Z,charlotte.reid,pat_003_fgp,repo.fetch,155.205.35.37,GB,United Kingdom,London,51.5216581435471,-0.09929138087451886,AS5607,Sky UK,git/2.44.0,"repo:read,user:email",False,github.audit_log
2026-06-18T14:52:01.301597Z,benoit.dupont,pat_002_fgp,repo.clone,55.135.26.33,FR,France,Lyon,45.77850308341725,4.837265131595872,AS3215,Orange France,git/2.44.0,"repo:read,workflow:read",False,github.audit_log
2026-06-18T15:15:15.301597Z,eva.rossi,pat_005_fgp,repo.contents.read,14.8.140.138,US,United States,New York,40.74144876089395,-74.03497144414385,AS7018,AT&T US,Mozilla/5.0 (Windows NT 10.0; Win64; x64) AppleWebKit/537.36 Chrome/126.0.0.0 Safari/537.36,"repo:read,user:email",False,github.audit_log
2026-06-18T15:33:58.301597Z,grzegorz.nowak,pat_007_fgp,repo.contents.read,189.50.116.35,PL,Poland,Warsaw,52.21772882685105,21.02682341849943,AS5617,Orange Polska,GitHub CLI 2.52.0,"repo:read,workflow:read",False,github.audit_log
2026-06-18T16:26:19.301597Z,grzegorz.nowak,pat_007_fgp,repo.clone,68.129.156.183,PL,Poland,Warsaw,52.257721466602106,21.02076441867741,AS5617,Orange Polska,Mozilla/5.0 (Windows NT 10.0; Win64; x64) AppleWebKit/537.36 Chrome/126.0.0.0 Safari/537.36,"repo:read,workflow:read",False,github.audit_log
2026-06-18T16:27:51.301597Z,grzegorz.nowak,pat_007_fgp,repo.pull_request.read,31.242.59.79,PL,Poland,Warsaw,52.24679259438402,21.010456667176975,AS5617,Orange Polska,GitHub CLI 2.52.0,"repo:read,user:email",False,github.audit_log
2026-06-18T16:30:27.301597Z,charlotte.reid,pat_003_fgp,repo.clone,208.170.68.12,GB,United Kingdom,London,51.498337942766845,-0.13728716450921793,AS5607,Sky UK,git/2.43.0,"repo:read,workflow:read",False,github.audit_log
2026-06-18T16:33:07.301597Z,eva.rossi,pat_005_fgp,repo.contents.read,210.43.124.147,US,United States,New York,40.71406627184581,-73.99488104049233,AS7018,AT&T US,git/2.43.0,"repo:read,user:email",False,github.audit_log
2026-06-18T17:24:18.301597Z,felix.tremblay,pat_006_fgp,repo.fetch,209.56.186.246,CA,Canada,Montreal,45.476251896363614,-73.55512771942232,AS577,Bell Canada,Mozilla/5.0 (Windows NT 10.0; Win64; x64) AppleWebKit/537.36 Chrome/126.0.0.0 Safari/537.36,"repo:read,user:email",False,github.audit_log
2026-06-18T18:10:30.301597Z,han.lee,pat_008_fgp,repo.contents.read,223.115.188.194,SG,Singapore,Singapore,1.3574031204104193,103.83410700194987,AS3758,Singtel,git/2.43.0,"repo:read,user:email",False,github.audit_log
2026-06-18T18:13:20.301597Z,felix.tremblay,pat_006_fgp,repo.fetch,217.66.174.184,CA,Canada,Montreal,45.48254759235923,-73.54925453332471,AS577,Bell Canada,GitHub CLI 2.52.0,"repo:read,user:email",False,github.audit_log
2026-06-18T18:22:34.301597Z,han.lee,pat_008_fgp,repo.contents.read,49.46.38.186,SG,Singapore,Singapore,1.365514574906807,103.8440867630374,AS3758,Singtel,git/2.43.0,"repo:read,workflow:read",False,github.audit_log
2026-06-18T18:49:03.301597Z,felix.tremblay,pat_006_fgp,repo.clone,96.0.192.218,CA,Canada,Montreal,45.51618495961154,-73.57894936174873,AS577,Bell Canada,git/2.43.0,"repo:read,user:email",False,github.audit_log
2026-06-18T19:38:44.301597Z,grzegorz.nowak,pat_007_fgp,repo.fetch,157.109.113.166,PL,Poland,Warsaw,52.21320672245519,20.99460385916937,AS5617,Orange Polska,Mozilla/5.0 (Windows NT 10.0; Win64; x64) AppleWebKit/537.36 Chrome/126.0.0.0 Safari/537.36,"repo:read,user:email",False,github.audit_log
2026-06-18T19:46:35.301597Z,alice.martin,pat_001_fgp,repo.pull_request.read,57.249.108.91,FR,France,Paris,48.874469941409686,2.342620330589857,AS3215,Orange France,GitHub CLI 2.52.0,"repo:read,user:email",False,github.audit_log
2026-06-18T20:28:45.301597Z,alice.martin,pat_001_fgp,repo.clone,95.36.121.72,FR,France,Paris,48.86673866669778,2.335054208442226,AS3215,Orange France,git/2.43.0,"repo:read,workflow:read",False,github.audit_log
2026-06-18T20:56:53.301597Z,alice.martin,pat_001_fgp,repo.contents.read,95.142.35.248,FR,France,Paris,48.87299959824642,2.343268767744965,AS3215,Orange France,Mozilla/5.0 (Windows NT 10.0; Win64; x64) AppleWebKit/537.36 Chrome/126.0.0.0 Safari/537.36,"repo:read,workflow:read",False,github.audit_log
2026-06-18T21:31:16.301597Z,eva.rossi,pat_005_fgp,repo.contents.read,86.78.100.85,US,United States,New York,40.6966011175602,-74.00181262923776,AS7018,AT&T US,git/2.43.0,"repo:read,workflow:read",False,github.audit_log
2026-06-18T22:26:18.301597Z,alice.martin,pat_001_fgp,repo.pull_request.read,20.55.222.89,FR,France,Paris,48.870312703639165,2.3410206388516994,AS3215,Orange France,git/2.44.0,"repo:read,workflow:read",False,github.audit_log
2026-06-19T14:21:02.301597Z,grzegorz.nowak,pat_007_fgp,repo.fetch,59.209.135.170,PL,Poland,Warsaw,52.21659138440672,20.996452897096834,AS5617,Orange Polska,git/2.44.0,"repo:read,workflow:read",False,github.audit_log
2026-06-19T14:25:37.301597Z,grzegorz.nowak,pat_007_fgp,repo.contents.read,137.193.179.140,PL,Poland,Warsaw,52.22222085422043,21.031928418653976,AS5617,Orange Polska,git/2.43.0,"repo:read,user:email",False,github.audit_log
2026-06-19T15:23:13.301597Z,benoit.dupont,pat_002_fgp,repo.pull_request.read,36.225.51.135,FR,France,Lyon,45.78862650066179,4.8066208558749155,AS3215,Orange France,git/2.43.0,"repo:read,workflow:read",False,github.audit_log
2026-06-19T15:33:26.301597Z,daniel.kelly,pat_004_fgp,repo.clone,99.226.131.192,IE,Ireland,Dublin,53.34854475578099,-6.278175919567964,AS15502,Vodafone Ireland,GitHub CLI 2.52.0,"repo:read,workflow:read",False,github.audit_log
2026-06-19T15:40:09.301597Z,daniel.kelly,pat_004_fgp,repo.fetch,149.111.28.36,IE,Ireland,Dublin,53.35003375093646,-6.272944192918765,AS15502,Vodafone Ireland,GitHub CLI 2.52.0,"repo:read,workflow:read",False,github.audit_log
2026-06-19T16:16:49.301597Z,daniel.kelly,pat_004_fgp,repo.pull_request.read,216.242.233.39,IE,Ireland,Dublin,53.35617563134423,-6.259369656071165,AS15502,Vodafone Ireland,GitHub CLI 2.52.0,"repo:read,workflow:read",False,github.audit_log
2026-06-19T16:21:08.301597Z,eva.rossi,pat_005_fgp,repo.fetch,30.174.203.249,US,United States,New York,40.72921329496788,-74.03422246046328,AS7018,AT&T US,GitHub CLI 2.52.0,"repo:read,workflow:read",False,github.audit_log
2026-06-19T16:26:31.301597Z,han.lee,pat_008_fgp,repo.pull_request.read,153.36.116.234,SG,Singapore,Singapore,1.3376188775394706,103.81308195621868,AS3758,Singtel,Mozilla/5.0 (Windows NT 10.0; Win64; x64) AppleWebKit/537.36 Chrome/126.0.0.0 Safari/537.36,"repo:read,workflow:read",False,github.audit_log
2026-06-19T16:43:44.301597Z,grzegorz.nowak,pat_007_fgp,repo.pull_request.read,191.101.140.95,PL,Poland,Warsaw,52.249110377501346,21.01250758249623,AS5617,Orange Polska,git/2.44.0,"repo:read,user:email",False,github.audit_log
2026-06-19T17:35:06.301597Z,alice.martin,pat_001_fgp,repo.pull_request.read,27.108.161.55,FR,France,Paris,48.86592631991769,2.3459379140636396,AS3215,Orange France,Mozilla/5.0 (Windows NT 10.0; Win64; x64) AppleWebKit/537.36 Chrome/126.0.0.0 Safari/537.36,"repo:read,user:email",False,github.audit_log
2026-06-19T18:25:31.301597Z,alice.martin,pat_001_fgp,repo.contents.read,163.32.197.98,FR,France,Paris,48.86235330570167,2.3502829932670806,AS3215,Orange France,GitHub CLI 2.52.0,"repo:read,user:email",False,github.audit_log
2026-06-19T18:27:58.301597Z,benoit.dupont,pat_002_fgp,repo.fetch,84.224.248.32,FR,France,Lyon,45.735732166546505,4.8435013366202435,AS3215,Orange France,git/2.43.0,"repo:read,user:email",False,github.audit_log
2026-06-19T19:02:33.301597Z,benoit.dupont,pat_002_fgp,repo.pull_request.read,123.63.239.177,FR,France,Lyon,45.75224547143269,4.829850511149768,AS3215,Orange France,GitHub CLI 2.52.0,"repo:read,workflow:read",False,github.audit_log
2026-06-19T19:04:40.301597Z,daniel.kelly,pat_004_fgp,repo.clone,72.105.34.26,IE,Ireland,Dublin,53.355436648848766,-6.2635135360250835,AS15502,Vodafone Ireland,git/2.44.0,"repo:read,user:email",False,github.audit_log
2026-06-19T19:31:43.301597Z,alice.martin,pat_001_fgp,repo.clone,96.66.134.42,FR,France,Paris,48.87107385450088,2.3553008252675833,AS3215,Orange France,Mozilla/5.0 (Windows NT 10.0; Win64; x64) AppleWebKit/537.36 Chrome/126.0.0.0 Safari/537.36,"repo:read,user:email",False,github.audit_log
2026-06-19T20:15:26.301597Z,han.lee,pat_008_fgp,repo.fetch,182.173.48.111,SG,Singapore,Singapore,1.361802795770758,103.80471461969104,AS3758,Singtel,GitHub CLI 2.52.0,"repo:read,workflow:read",False,github.audit_log
2026-06-19T21:13:35.301597Z,alice.martin,pat_001_fgp,repo.fetch,25.41.95.18,FR,France,Paris,48.862302106387,2.362712753216245,AS3215,Orange France,git/2.43.0,"repo:read,workflow:read",False,github.audit_log
2026-06-20T13:24:44.301597Z,eva.rossi,pat_005_fgp,repo.contents.read,171.156.119.110,US,United States,New York,40.72212911370301,-73.99377811761416,AS7018,AT&T US,git/2.44.0,"repo:read,user:email",False,github.audit_log
2026-06-20T14:05:15.301597Z,eva.rossi,pat_005_fgp,repo.contents.read,66.219.108.127,US,United States,New York,40.698912210298865,-73.98629938297707,AS7018,AT&T US,GitHub CLI 2.52.0,"repo:read,user:email",False,github.audit_log
2026-06-20T14:48:04.301597Z,charlotte.reid,pat_003_fgp,repo.clone,145.10.199.224,GB,United Kingdom,London,51.50540810468951,-0.11945975251188219,AS5607,Sky UK,GitHub CLI 2.52.0,"repo:read,workflow:read",False,github.audit_log
2026-06-20T15:48:49.301597Z,daniel.kelly,pat_004_fgp,repo.pull_request.read,41.91.201.136,IE,Ireland,Dublin,53.32744082523936,-6.2315765373784195,AS15502,Vodafone Ireland,git/2.44.0,"repo:read,user:email",False,github.audit_log
2026-06-20T16:21:42.301597Z,eva.rossi,pat_005_fgp,repo.pull_request.read,176.55.84.239,US,United States,New York,40.741834028235296,-74.02136522320689,AS7018,AT&T US,git/2.43.0,"repo:read,user:email",False,github.audit_log
2026-06-20T16:37:00.301597Z,charlotte.reid,pat_003_fgp,repo.contents.read,44.43.158.144,GB,United Kingdom,London,51.49980075836338,-0.11010028252818738,AS5607,Sky UK,git/2.43.0,"repo:read,user:email",False,github.audit_log
2026-06-20T16:42:18.301597Z,charlotte.reid,pat_003_fgp,repo.contents.read,145.40.202.223,GB,United Kingdom,London,51.49581647371015,-0.13722920313109216,AS5607,Sky UK,GitHub CLI 2.52.0,"repo:read,user:email",False,github.audit_log
2026-06-20T17:47:21.301597Z,charlotte.reid,pat_003_fgp,repo.clone,146.99.178.90,GB,United Kingdom,London,51.520842746340435,-0.10846308390850887,AS5607,Sky UK,git/2.43.0,"repo:read,user:email",False,github.audit_log
2026-06-20T17:56:54.301597Z,han.lee,pat_008_fgp,repo.pull_request.read,110.240.232.226,SG,Singapore,Singapore,1.3248862474500707,103.84863538692379,AS3758,Singtel,GitHub CLI 2.52.0,"repo:read,user:email",False,github.audit_log
2026-06-20T18:12:13.301597Z,charlotte.reid,pat_003_fgp,repo.fetch,223.223.46.243,GB,United Kingdom,London,51.53183029722364,-0.10859780464866997,AS5607,Sky UK,GitHub CLI 2.52.0,"repo:read,user:email",False,github.audit_log
2026-06-20T18:22:18.301597Z,felix.tremblay,pat_006_fgp,repo.contents.read,100.219.161.203,CA,Canada,Montreal,45.480289811328554,-73.58078194058332,AS577,Bell Canada,git/2.44.0,"repo:read,user:email",False,github.audit_log
2026-06-20T19:03:07.301597Z,benoit.dupont,pat_002_fgp,repo.fetch,209.194.230.233,FR,France,Lyon,45.76056326024116,4.857309999949571,AS3215,Orange France,Mozilla/5.0 (Windows NT 10.0; Win64; x64) AppleWebKit/537.36 Chrome/126.0.0.0 Safari/537.36,"repo:read,workflow:read",False,github.audit_log
2026-06-20T19:12:22.301597Z,felix.tremblay,pat_006_fgp,repo.contents.read,218.65.47.232,CA,Canada,Montreal,45.522736526079186,-73.54886676749071,AS577,Bell Canada,git/2.44.0,"repo:read,user:email",False,github.audit_log
2026-06-20T20:38:58.301597Z,alice.martin,pat_001_fgp,repo.contents.read,173.186.83.95,FR,France,Paris,48.84791624201365,2.3624105104626616,AS3215,Orange France,git/2.44.0,"repo:read,user:email",False,github.audit_log
2026-06-20T23:33:46.301597Z,felix.tremblay,pat_006_fgp,repo.fetch,217.79.167.101,CA,Canada,Montreal,45.50708622978075,-73.55160655213244,AS577,Bell Canada,git/2.44.0,"repo:read,workflow:read",False,github.audit_log
2026-06-21T14:42:04.301597Z,alice.martin,pat_001_fgp,repo.contents.read,192.78.222.46,FR,France,Paris,48.870627718240804,2.3801284238742846,AS3215,Orange France,GitHub CLI 2.52.0,"repo:read,workflow:read",False,github.audit_log
2026-06-21T15:44:49.301597Z,grzegorz.nowak,pat_007_fgp,repo.pull_request.read,196.93.171.168,PL,Poland,Warsaw,52.20505798932117,21.00351700376719,AS5617,Orange Polska,GitHub CLI 2.52.0,"repo:read,workflow:read",False,github.audit_log
2026-06-21T16:25:30.301597Z,han.lee,pat_008_fgp,repo.clone,171.33.107.172,SG,Singapore,Singapore,1.3598708690346402,103.80259050791187,AS3758,Singtel,Mozilla/5.0 (Windows NT 10.0; Win64; x64) AppleWebKit/537.36 Chrome/126.0.0.0 Safari/537.36,"repo:read,user:email",False,github.audit_log
2026-06-21T16:46:14.301597Z,charlotte.reid,pat_003_fgp,repo.pull_request.read,22.112.202.253,GB,United Kingdom,London,51.513159497416666,-0.15713877484600702,AS5607,Sky UK,GitHub CLI 2.52.0,"repo:read,user:email",False,github.audit_log
2026-06-21T16:58:37.301597Z,alice.martin,pat_001_fgp,repo.pull_request.read,207.174.57.76,FR,France,Paris,48.85268591504015,2.3494234223797523,AS3215,Orange France,GitHub CLI 2.52.0,"repo:read,user:email",False,github.audit_log
2026-06-21T17:02:55.301597Z,benoit.dupont,pat_002_fgp,repo.contents.read,216.187.46.203,FR,France,Lyon,45.75767447361972,4.821567514701146,AS3215,Orange France,git/2.44.0,"repo:read,workflow:read",False,github.audit_log
2026-06-21T17:06:04.301597Z,charlotte.reid,pat_003_fgp,repo.contents.read,113.225.197.87,GB,United Kingdom,London,51.535623415058915,-0.12782780640777863,AS5607,Sky UK,Mozilla/5.0 (Windows NT 10.0; Win64; x64) AppleWebKit/537.36 Chrome/126.0.0.0 Safari/537.36,"repo:read,workflow:read",False,github.audit_log
2026-06-21T17:50:59.301597Z,benoit.dupont,pat_002_fgp,repo.pull_request.read,16.202.140.3,FR,France,Lyon,45.767955741017346,4.846847969564041,AS3215,Orange France,git/2.44.0,"repo:read,workflow:read",False,github.audit_log
2026-06-21T17:57:03.301597Z,han.lee,pat_008_fgp,repo.contents.read,72.124.20.175,SG,Singapore,Singapore,1.3752396095399277,103.81268235645709,AS3758,Singtel,git/2.44.0,"repo:read,workflow:read",False,github.audit_log
2026-06-21T18:06:08.301597Z,charlotte.reid,pat_003_fgp,repo.clone,166.136.14.47,GB,United Kingdom,London,51.49359622332276,-0.11185542892114012,AS5607,Sky UK,GitHub CLI 2.52.0,"repo:read,workflow:read",False,github.audit_log
2026-06-21T18:19:37.301597Z,alice.martin,pat_001_fgp,repo.fetch,150.18.189.150,FR,France,Paris,48.8597515058047,2.3479872027728463,AS3215,Orange France,git/2.44.0,"repo:read,workflow:read",False,github.audit_log
2026-06-21T18:19:51.301597Z,felix.tremblay,pat_006_fgp,repo.pull_request.read,222.20.110.214,CA,Canada,Montreal,45.5232943962728,-73.58850057215786,AS577,Bell Canada,git/2.43.0,"repo:read,workflow:read",False,github.audit_log
2026-06-21T18:26:38.301597Z,charlotte.reid,pat_003_fgp,repo.contents.read,33.163.177.182,GB,United Kingdom,London,51.48109634469896,-0.12506971832646624,AS5607,Sky UK,GitHub CLI 2.52.0,"repo:read,user:email",False,github.audit_log
2026-06-21T18:52:50.301597Z,charlotte.reid,pat_003_fgp,repo.clone,56.252.237.194,GB,United Kingdom,London,51.51102412899727,-0.1228319146176106,AS5607,Sky UK,GitHub CLI 2.52.0,"repo:read,workflow:read",False,github.audit_log
2026-06-21T19:11:17.301597Z,alice.martin,pat_001_fgp,repo.fetch,159.20.41.108,FR,France,Paris,48.866042389868355,2.3561136154306452,AS3215,Orange France,GitHub CLI 2.52.0,"repo:read,workflow:read",False,github.audit_log
2026-06-21T19:28:49.301597Z,alice.martin,pat_001_fgp,repo.clone,184.44.216.9,FR,France,Paris,48.82838783316628,2.335318278488216,AS3215,Orange France,git/2.44.0,"repo:read,user:email",False,github.audit_log
2026-06-21T19:30:37.301597Z,benoit.dupont,pat_002_fgp,repo.fetch,110.232.189.172,FR,France,Lyon,45.79096284610472,4.847489039498258,AS3215,Orange France,Mozilla/5.0 (Windows NT 10.0; Win64; x64) AppleWebKit/537.36 Chrome/126.0.0.0 Safari/537.36,"repo:read,user:email",False,github.audit_log
2026-06-21T19:48:42.301597Z,charlotte.reid,pat_003_fgp,repo.fetch,194.73.149.110,GB,United Kingdom,London,51.477293860156,-0.13643103762243797,AS5607,Sky UK,Mozilla/5.0 (Windows NT 10.0; Win64; x64) AppleWebKit/537.36 Chrome/126.0.0.0 Safari/537.36,"repo:read,user:email",False,github.audit_log
2026-06-21T20:03:09.301597Z,grzegorz.nowak,pat_007_fgp,repo.fetch,53.108.98.33,PL,Poland,Warsaw,52.202260554038006,20.98690211132837,AS5617,Orange Polska,Mozilla/5.0 (Windows NT 10.0; Win64; x64) AppleWebKit/537.36 Chrome/126.0.0.0 Safari/537.36,"repo:read,user:email",False,github.audit_log
2026-06-21T20:04:16.301597Z,benoit.dupont,pat_002_fgp,repo.fetch,121.231.116.106,FR,France,Lyon,45.75433589713011,4.832909934174447,AS3215,Orange France,Mozilla/5.0 (Windows NT 10.0; Win64; x64) AppleWebKit/537.36 Chrome/126.0.0.0 Safari/537.36,"repo:read,user:email",False,github.audit_log
2026-06-21T20:08:44.301597Z,han.lee,pat_008_fgp,repo.contents.read,176.37.148.172,SG,Singapore,Singapore,1.3261417654442882,103.79569214408282,AS3758,Singtel,Mozilla/5.0 (Windows NT 10.0; Win64; x64) AppleWebKit/537.36 Chrome/126.0.0.0 Safari/537.36,"repo:read,workflow:read",False,github.audit_log
2026-06-21T20:16:41.301597Z,han.lee,pat_008_fgp,repo.fetch,180.87.168.92,SG,Singapore,Singapore,1.375771657042674,103.84710534938952,AS3758,Singtel,GitHub CLI 2.52.0,"repo:read,user:email",False,github.audit_log
2026-06-21T20:29:53.301597Z,eva.rossi,pat_005_fgp,repo.pull_request.read,219.181.136.204,US,United States,New York,40.70661378534989,-74.01361690499218,AS7018,AT&T US,Mozilla/5.0 (Windows NT 10.0; Win64; x64) AppleWebKit/537.36 Chrome/126.0.0.0 Safari/537.36,"repo:read,workflow:read",False,github.audit_log
2026-06-22T00:10:20.301597Z,daniel.kelly,pat_004_fgp,repo.contents.read,74.81.167.240,IE,Ireland,Dublin,53.35446122227362,-6.271537104748264,AS15502,Vodafone Ireland,git/2.43.0,"repo:read,workflow:read",False,github.audit_log
2026-06-22T14:18:56.301597Z,charlotte.reid,pat_003_fgp,repo.pull_request.read,103.196.16.155,GB,United Kingdom,London,51.48640628980356,-0.13060464587711235,AS5607,Sky UK,GitHub CLI 2.52.0,"repo:read,workflow:read",False,github.audit_log
2026-06-22T14:21:36.301597Z,benoit.dupont,pat_002_fgp,repo.clone,157.145.240.123,FR,France,Lyon,45.76042812788816,4.816761820223405,AS3215,Orange France,git/2.44.0,"repo:read,workflow:read",False,github.audit_log
2026-06-22T14:41:19.301597Z,han.lee,pat_008_fgp,repo.pull_request.read,190.160.111.52,SG,Singapore,Singapore,1.3346827617753303,103.83266307213779,AS3758,Singtel,GitHub CLI 2.52.0,"repo:read,user:email",False,github.audit_log
2026-06-22T16:05:15.301597Z,benoit.dupont,pat_002_fgp,repo.pull_request.read,146.139.84.66,FR,France,Lyon,45.7888429372123,4.862351268965832,AS3215,Orange France,GitHub CLI 2.52.0,"repo:read,workflow:read",False,github.audit_log
2026-06-22T17:21:41.301597Z,felix.tremblay,pat_006_fgp,repo.clone,223.113.66.51,CA,Canada,Montreal,45.5213204049113,-73.57506561537105,AS577,Bell Canada,git/2.44.0,"repo:read,workflow:read",False,github.audit_log
2026-06-22T17:59:54.301597Z,alice.martin,pat_001_fgp,repo.clone,117.208.169.139,FR,France,Paris,48.85455545820107,2.325935942635015,AS3215,Orange France,Mozilla/5.0 (Windows NT 10.0; Win64; x64) AppleWebKit/537.36 Chrome/126.0.0.0 Safari/537.36,"repo:read,workflow:read",False,github.audit_log
2026-06-22T18:03:25.301597Z,grzegorz.nowak,pat_007_fgp,repo.clone,32.176.211.249,PL,Poland,Warsaw,52.24508741316932,20.995850765517474,AS5617,Orange Polska,git/2.44.0,"repo:read,workflow:read",False,github.audit_log
2026-06-22T18:42:45.301597Z,charlotte.reid,pat_003_fgp,repo.contents.read,124.155.140.152,GB,United Kingdom,London,51.48057032721278,-0.1271597868826133,AS5607,Sky UK,GitHub CLI 2.52.0,"repo:read,workflow:read",False,github.audit_log
2026-06-22T18:59:50.301597Z,eva.rossi,pat_005_fgp,repo.clone,66.233.191.16,US,United States,New York,40.71987011415261,-73.9959947162268,AS7018,AT&T US,Mozilla/5.0 (Windows NT 10.0; Win64; x64) AppleWebKit/537.36 Chrome/126.0.0.0 Safari/537.36,"repo:read,workflow:read",False,github.audit_log
2026-06-22T19:08:11.301597Z,charlotte.reid,pat_003_fgp,repo.fetch,205.240.229.158,GB,United Kingdom,London,51.47751507189833,-0.15284645372375671,AS5607,Sky UK,GitHub CLI 2.52.0,"repo:read,user:email",False,github.audit_log
2026-06-22T19:08:33.301597Z,han.lee,pat_008_fgp,repo.clone,13.80.240.219,SG,Singapore,Singapore,1.3518500958454978,103.79972423239717,AS3758,Singtel,Mozilla/5.0 (Windows NT 10.0; Win64; x64) AppleWebKit/537.36 Chrome/126.0.0.0 Safari/537.36,"repo:read,workflow:read",False,github.audit_log
2026-06-22T19:50:27.301597Z,charlotte.reid,pat_003_fgp,repo.contents.read,39.147.121.78,GB,United Kingdom,London,51.484510900709516,-0.14329362979241062,AS5607,Sky UK,Mozilla/5.0 (Windows NT 10.0; Win64; x64) AppleWebKit/537.36 Chrome/126.0.0.0 Safari/537.36,"repo:read,user:email",False,github.audit_log
2026-06-22T20:15:16.301597Z,daniel.kelly,pat_004_fgp,repo.fetch,115.243.244.167,IE,Ireland,Dublin,53.33176735848006,-6.232465157666544,AS15502,Vodafone Ireland,GitHub CLI 2.52.0,"repo:read,workflow:read",False,github.audit_log
2026-06-22T20:29:56.301597Z,daniel.kelly,pat_004_fgp,repo.clone,182.115.119.14,IE,Ireland,Dublin,53.32581187754272,-6.270482382590759,AS15502,Vodafone Ireland,Mozilla/5.0 (Windows NT 10.0; Win64; x64) AppleWebKit/537.36 Chrome/126.0.0.0 Safari/537.36,"repo:read,user:email",False,github.audit_log
2026-06-22T20:37:00.301597Z,eva.rossi,pat_005_fgp,repo.pull_request.read,127.105.247.90,US,United States,New York,40.71136975187255,-74.00971004370362,AS7018,AT&T US,Mozilla/5.0 (Windows NT 10.0; Win64; x64) AppleWebKit/537.36 Chrome/126.0.0.0 Safari/537.36,"repo:read,workflow:read",False,github.audit_log
2026-06-22T22:02:57.301597Z,charlotte.reid,pat_003_fgp,repo.pull_request.read,94.61.3.128,GB,United Kingdom,London,51.522020847405784,-0.14705831188744944,AS5607,Sky UK,Mozilla/5.0 (Windows NT 10.0; Win64; x64) AppleWebKit/537.36 Chrome/126.0.0.0 Safari/537.36,"repo:read,user:email",False,github.audit_log
2026-06-22T22:12:44.301597Z,eva.rossi,pat_005_fgp,repo.pull_request.read,178.64.67.64,US,United States,New York,40.6915746066055,-74.01667419730343,AS7018,AT&T US,git/2.43.0,"repo:read,workflow:read",False,github.audit_log
2026-06-23T13:53:55.301597Z,felix.tremblay,pat_006_fgp,repo.clone,138.72.169.191,CA,Canada,Montreal,45.476568398307855,-73.576591392519,AS577,Bell Canada,GitHub CLI 2.52.0,"repo:read,user:email",False,github.audit_log
2026-06-23T15:08:00.301597Z,daniel.kelly,pat_004_fgp,repo.pull_request.read,140.250.153.122,IE,Ireland,Dublin,53.368744929994634,-6.2681985314080535,AS15502,Vodafone Ireland,git/2.44.0,"repo:read,workflow:read",False,github.audit_log
2026-06-23T15:13:37.301597Z,eva.rossi,pat_005_fgp,repo.clone,145.17.38.242,US,United States,New York,40.73187975465129,-74.03308913634821,AS7018,AT&T US,git/2.44.0,"repo:read,workflow:read",False,github.audit_log
2026-06-23T15:36:10.301597Z,han.lee,pat_008_fgp,repo.fetch,21.78.165.153,SG,Singapore,Singapore,1.3251513264717136,103.84574291193427,AS3758,Singtel,GitHub CLI 2.52.0,"repo:read,workflow:read",False,github.audit_log
2026-06-23T16:10:06.301597Z,alice.martin,pat_001_fgp,repo.clone,53.194.1.253,FR,France,Paris,48.85002530545527,2.37779108441356,AS3215,Orange France,Mozilla/5.0 (Windows NT 10.0; Win64; x64) AppleWebKit/537.36 Chrome/126.0.0.0 Safari/537.36,"repo:read,workflow:read",False,github.audit_log
2026-06-23T17:15:28.301597Z,daniel.kelly,pat_004_fgp,repo.pull_request.read,213.151.98.45,IE,Ireland,Dublin,53.356457269979785,-6.251976452354919,AS15502,Vodafone Ireland,Mozilla/5.0 (Windows NT 10.0; Win64; x64) AppleWebKit/537.36 Chrome/126.0.0.0 Safari/537.36,"repo:read,workflow:read",False,github.audit_log
2026-06-23T17:23:43.301597Z,felix.tremblay,pat_006_fgp,repo.fetch,176.151.255.106,CA,Canada,Montreal,45.52486671444954,-73.5686581442024,AS577,Bell Canada,git/2.44.0,"repo:read,workflow:read",False,github.audit_log
2026-06-23T17:26:34.301597Z,charlotte.reid,pat_003_fgp,repo.fetch,195.224.22.106,GB,United Kingdom,London,51.49905796484784,-0.11442485957256099,AS5607,Sky UK,Mozilla/5.0 (Windows NT 10.0; Win64; x64) AppleWebKit/537.36 Chrome/126.0.0.0 Safari/537.36,"repo:read,workflow:read",False,github.audit_log
2026-06-23T18:11:46.301597Z,grzegorz.nowak,pat_007_fgp,repo.pull_request.read,163.247.15.111,PL,Poland,Warsaw,52.25624653548612,20.992099831685714,AS5617,Orange Polska,Mozilla/5.0 (Windows NT 10.0; Win64; x64) AppleWebKit/537.36 Chrome/126.0.0.0 Safari/537.36,"repo:read,user:email",False,github.audit_log
2026-06-23T20:53:11.301597Z,benoit.dupont,pat_002_fgp,repo.pull_request.read,19.118.147.181,FR,France,Lyon,45.75096310238674,4.857276403880431,AS3215,Orange France,git/2.44.0,"repo:read,user:email",False,github.audit_log
2026-06-24T14:02:30.301597Z,han.lee,pat_008_fgp,repo.contents.read,176.36.78.7,SG,Singapore,Singapore,1.3496535141156025,103.80970292252803,AS3758,Singtel,git/2.44.0,"repo:read,user:email",False,github.audit_log
2026-06-24T15:15:44.301597Z,benoit.dupont,pat_002_fgp,repo.pull_request.read,73.64.105.18,FR,France,Lyon,45.783789070233034,4.838952467307668,AS3215,Orange France,git/2.43.0,"repo:read,user:email",False,github.audit_log
2026-06-24T16:11:05.301597Z,alice.martin,pat_001_fgp,repo.pull_request.read,203.215.129.214,FR,France,Paris,48.831514373965696,2.3233629972230005,AS3215,Orange France,git/2.44.0,"repo:read,workflow:read",False,github.audit_log
2026-06-24T16:31:06.301597Z,alice.martin,pat_001_fgp,repo.fetch,182.153.234.81,FR,France,Paris,48.882341099902334,2.3783440572466894,AS3215,Orange France,git/2.44.0,"repo:read,workflow:read",False,github.audit_log
2026-06-24T18:57:16.301597Z,eva.rossi,pat_005_fgp,repo.fetch,133.106.170.78,US,United States,New York,40.740221185631604,-74.0350799776263,AS7018,AT&T US,git/2.43.0,"repo:read,user:email",False,github.audit_log
2026-06-24T19:29:58.301597Z,daniel.kelly,pat_004_fgp,repo.pull_request.read,68.152.147.181,IE,Ireland,Dublin,53.332236667691284,-6.248000704415588,AS15502,Vodafone Ireland,GitHub CLI 2.52.0,"repo:read,workflow:read",False,github.audit_log
2026-06-24T19:32:55.301597Z,benoit.dupont,pat_002_fgp,repo.pull_request.read,56.154.7.182,FR,France,Lyon,45.76604810535606,4.822158679606996,AS3215,Orange France,git/2.44.0,"repo:read,workflow:read",False,github.audit_log
2026-06-24T20:06:19.301597Z,charlotte.reid,pat_003_fgp,repo.fetch,75.26.246.224,GB,United Kingdom,London,51.49947272639626,-0.10154238676015001,AS5607,Sky UK,git/2.44.0,"repo:read,workflow:read",False,github.audit_log
2026-06-24T21:02:28.301597Z,han.lee,pat_008_fgp,repo.pull_request.read,65.211.72.42,SG,Singapore,Singapore,1.333139563367123,103.82681309539441,AS3758,Singtel,GitHub CLI 2.52.0,"repo:read,user:email",False,github.audit_log
2026-06-25T15:09:51.301597Z,alice.martin,pat_001_fgp,repo.fetch,116.12.91.189,FR,France,Paris,48.8820692377145,2.3691431897688577,AS3215,Orange France,Mozilla/5.0 (Windows NT 10.0; Win64; x64) AppleWebKit/537.36 Chrome/126.0.0.0 Safari/537.36,"repo:read,user:email",False,github.audit_log
2026-06-25T15:26:36.301597Z,grzegorz.nowak,pat_007_fgp,repo.contents.read,161.179.176.42,PL,Poland,Warsaw,52.2499592262154,20.997719595630002,AS5617,Orange Polska,git/2.44.0,"repo:read,workflow:read",False,github.audit_log
2026-06-25T16:29:27.301597Z,grzegorz.nowak,pat_007_fgp,repo.fetch,65.11.86.32,PL,Poland,Warsaw,52.22169548708399,21.021232422807273,AS5617,Orange Polska,git/2.44.0,"repo:read,workflow:read",False,github.audit_log
2026-06-25T16:46:55.301597Z,han.lee,pat_008_fgp,repo.contents.read,114.120.40.118,SG,Singapore,Singapore,1.3487513325875675,103.82418209583525,AS3758,Singtel,git/2.44.0,"repo:read,workflow:read",False,github.audit_log
2026-06-25T17:06:10.301597Z,eva.rossi,pat_005_fgp,repo.clone,154.211.213.143,US,United States,New York,40.71459950884019,-74.01269485707155,AS7018,AT&T US,GitHub CLI 2.52.0,"repo:read,user:email",False,github.audit_log
2026-06-25T17:34:56.301597Z,felix.tremblay,pat_006_fgp,repo.contents.read,195.163.138.212,CA,Canada,Montreal,45.47657322419801,-73.57503150999574,AS577,Bell Canada,git/2.44.0,"repo:read,user:email",False,github.audit_log
2026-06-25T17:40:25.301597Z,benoit.dupont,pat_002_fgp,repo.fetch,89.188.242.142,FR,France,Lyon,45.76585531586875,4.831230228762313,AS3215,Orange France,GitHub CLI 2.52.0,"repo:read,workflow:read",False,github.audit_log
2026-06-25T17:57:14.301597Z,daniel.kelly,pat_004_fgp,repo.fetch,116.153.140.16,IE,Ireland,Dublin,53.353203087086314,-6.254799972665438,AS15502,Vodafone Ireland,git/2.43.0,"repo:read,workflow:read",False,github.audit_log
2026-06-25T18:33:35.301597Z,charlotte.reid,pat_003_fgp,repo.clone,140.19.172.225,GB,United Kingdom,London,51.523178456266834,-0.1497370575142295,AS5607,Sky UK,Mozilla/5.0 (Windows NT 10.0; Win64; x64) AppleWebKit/537.36 Chrome/126.0.0.0 Safari/537.36,"repo:read,user:email",False,github.audit_log
2026-06-25T18:47:31.301597Z,han.lee,pat_008_fgp,repo.pull_request.read,188.24.195.100,SG,Singapore,Singapore,1.3470939742490808,103.83708669180385,AS3758,Singtel,GitHub CLI 2.52.0,"repo:read,user:email",False,github.audit_log
2026-06-25T18:55:45.301597Z,alice.martin,pat_001_fgp,repo.clone,204.15.126.52,FR,France,Paris,48.876953730777075,2.359480139395169,AS3215,Orange France,git/2.43.0,"repo:read,user:email",False,github.audit_log
2026-06-25T19:35:28.301597Z,benoit.dupont,pat_002_fgp,repo.contents.read,191.195.197.254,FR,France,Lyon,45.77382132976908,4.854944853102573,AS3215,Orange France,git/2.43.0,"repo:read,workflow:read",False,github.audit_log
2026-06-25T19:39:45.301597Z,felix.tremblay,pat_006_fgp,repo.contents.read,83.159.167.23,CA,Canada,Montreal,45.50508548371944,-73.59692184958656,AS577,Bell Canada,git/2.43.0,"repo:read,workflow:read",False,github.audit_log
2026-06-25T20:05:11.301597Z,alice.martin,pat_001_fgp,repo.contents.read,59.48.49.169,FR,France,Paris,48.85246307094438,2.347614717381195,AS3215,Orange France,Mozilla/5.0 (Windows NT 10.0; Win64; x64) AppleWebKit/537.36 Chrome/126.0.0.0 Safari/537.36,"repo:read,user:email",False,github.audit_log
2026-06-26T13:39:50.301597Z,grzegorz.nowak,pat_007_fgp,repo.contents.read,20.202.169.177,PL,Poland,Warsaw,52.21395475763498,21.026944989190348,AS5617,Orange Polska,GitHub CLI 2.52.0,"repo:read,workflow:read",False,github.audit_log
2026-06-26T13:53:53.301597Z,han.lee,pat_008_fgp,repo.fetch,41.201.110.118,SG,Singapore,Singapore,1.3715732486224566,103.80123472584343,AS3758,Singtel,GitHub CLI 2.52.0,"repo:read,user:email",False,github.audit_log
2026-06-26T14:17:45.301597Z,charlotte.reid,pat_003_fgp,repo.contents.read,104.81.15.37,GB,United Kingdom,London,51.52812015859823,-0.11691466768027306,AS5607,Sky UK,Mozilla/5.0 (Windows NT 10.0; Win64; x64) AppleWebKit/537.36 Chrome/126.0.0.0 Safari/537.36,"repo:read,user:email",False,github.audit_log
2026-06-26T14:43:47.301597Z,eva.rossi,pat_005_fgp,repo.contents.read,205.163.104.95,US,United States,New York,40.70157532113221,-74.03325707312113,AS7018,AT&T US,git/2.43.0,"repo:read,user:email",False,github.audit_log
2026-06-26T16:13:14.301597Z,han.lee,pat_008_fgp,repo.pull_request.read,142.228.249.12,SG,Singapore,Singapore,1.339886038174457,103.82889169175887,AS3758,Singtel,GitHub CLI 2.52.0,"repo:read,user:email",False,github.audit_log
2026-06-26T16:18:51.301597Z,eva.rossi,pat_005_fgp,repo.contents.read,81.215.153.124,US,United States,New York,40.72975999744993,-74.01433250526263,AS7018,AT&T US,git/2.43.0,"repo:read,workflow:read",False,github.audit_log
2026-06-26T17:17:40.301597Z,eva.rossi,pat_005_fgp,repo.clone,186.143.16.46,US,United States,New York,40.73852598167528,-74.0171309184064,AS7018,AT&T US,git/2.43.0,"repo:read,user:email",False,github.audit_log
2026-06-26T17:27:21.301597Z,daniel.kelly,pat_004_fgp,repo.pull_request.read,43.155.47.129,IE,Ireland,Dublin,53.35825924563794,-6.254791493281004,AS15502,Vodafone Ireland,git/2.43.0,"repo:read,user:email",False,github.audit_log
2026-06-26T17:43:56.301597Z,alice.martin,pat_001_fgp,repo.clone,124.50.25.167,FR,France,Paris,48.88655694810476,2.372361655104797,AS3215,Orange France,git/2.44.0,"repo:read,user:email",False,github.audit_log
2026-06-26T18:04:10.301597Z,eva.rossi,pat_005_fgp,repo.contents.read,151.57.58.69,US,United States,New York,40.72930678167184,-73.98660303152015,AS7018,AT&T US,GitHub CLI 2.52.0,"repo:read,user:email",False,github.audit_log
2026-06-26T18:05:31.301597Z,benoit.dupont,pat_002_fgp,repo.fetch,119.58.115.166,FR,France,Lyon,45.742939364064526,4.821637948298439,AS3215,Orange France,git/2.43.0,"repo:read,user:email",False,github.audit_log
2026-06-26T18:22:56.301597Z,alice.martin,pat_001_fgp,repo.pull_request.read,202.219.204.93,FR,France,Paris,48.83975924554944,2.3820522563897066,AS3215,Orange France,Mozilla/5.0 (Windows NT 10.0; Win64; x64) AppleWebKit/537.36 Chrome/126.0.0.0 Safari/537.36,"repo:read,user:email",False,github.audit_log
2026-06-26T18:36:40.301597Z,benoit.dupont,pat_002_fgp,repo.pull_request.read,221.1.144.186,FR,France,Lyon,45.75191335098631,4.84091626334485,AS3215,Orange France,Mozilla/5.0 (Windows NT 10.0; Win64; x64) AppleWebKit/537.36 Chrome/126.0.0.0 Safari/537.36,"repo:read,user:email",False,github.audit_log
2026-06-26T19:04:59.301597Z,han.lee,pat_008_fgp,repo.fetch,203.16.183.209,SG,Singapore,Singapore,1.3492556702714325,103.82676653002562,AS3758,Singtel,git/2.43.0,"repo:read,workflow:read",False,github.audit_log
2026-06-26T19:05:06.301597Z,felix.tremblay,pat_006_fgp,repo.pull_request.read,171.212.216.180,CA,Canada,Montreal,45.49603664463867,-73.55896776270127,AS577,Bell Canada,git/2.43.0,"repo:read,workflow:read",False,github.audit_log
2026-06-26T19:39:36.301597Z,alice.martin,pat_001_fgp,repo.clone,131.113.102.210,FR,France,Paris,48.88170711407377,2.343179505466755,AS3215,Orange France,git/2.43.0,"repo:read,user:email",False,github.audit_log
2026-06-26T20:24:05.301597Z,eva.rossi,pat_005_fgp,repo.fetch,200.199.162.93,US,United States,New York,40.689193055062674,-74.0356882866578,AS7018,AT&T US,GitHub CLI 2.52.0,"repo:read,workflow:read",False,github.audit_log
2026-06-26T20:45:25.301597Z,han.lee,pat_008_fgp,repo.fetch,63.4.154.108,SG,Singapore,Singapore,1.3617998745654434,103.82954897795334,AS3758,Singtel,GitHub CLI 2.52.0,"repo:read,user:email",False,github.audit_log
2026-06-26T21:33:19.301597Z,alice.martin,pat_001_fgp,repo.fetch,194.175.104.176,FR,France,Paris,48.864654277533106,2.3380390340978243,AS3215,Orange France,Mozilla/5.0 (Windows NT 10.0; Win64; x64) AppleWebKit/537.36 Chrome/126.0.0.0 Safari/537.36,"repo:read,workflow:read",False,github.audit_log
2026-06-27T13:40:23.301597Z,alice.martin,pat_001_fgp,repo.pull_request.read,123.231.61.64,FR,France,Paris,48.84008184022189,2.342485133728847,AS3215,Orange France,git/2.43.0,"repo:read,user:email",False,github.audit_log
2026-06-27T13:49:11.301597Z,charlotte.reid,pat_003_fgp,repo.pull_request.read,20.97.146.92,GB,United Kingdom,London,51.52892831182815,-0.15473175794521052,AS5607,Sky UK,GitHub CLI 2.52.0,"repo:read,workflow:read",False,github.audit_log
2026-06-27T14:19:55.301597Z,benoit.dupont,pat_002_fgp,repo.clone,129.60.78.128,FR,France,Lyon,45.789959183596046,4.823211693615708,AS3215,Orange France,GitHub CLI 2.52.0,"repo:read,workflow:read",False,github.audit_log
2026-06-27T14:21:18.301597Z,alice.martin,pat_001_fgp,repo.clone,90.192.203.242,FR,France,Paris,48.869500882302965,2.3267597886705835,AS3215,Orange France,git/2.43.0,"repo:read,user:email",False,github.audit_log
2026-06-27T14:44:24.301597Z,daniel.kelly,pat_004_fgp,repo.contents.read,147.194.117.64,IE,Ireland,Dublin,53.347437516712915,-6.280992717607774,AS15502,Vodafone Ireland,git/2.43.0,"repo:read,user:email",False,github.audit_log
2026-06-27T14:53:00.301597Z,charlotte.reid,pat_003_fgp,repo.pull_request.read,37.108.79.169,GB,United Kingdom,London,51.50613136377226,-0.10676350911190284,AS5607,Sky UK,GitHub CLI 2.52.0,"repo:read,workflow:read",False,github.audit_log
2026-06-27T15:42:52.301597Z,han.lee,pat_008_fgp,repo.clone,58.88.61.97,SG,Singapore,Singapore,1.3245380539783127,103.80654673477855,AS3758,Singtel,GitHub CLI 2.52.0,"repo:read,user:email",False,github.audit_log
2026-06-27T16:35:58.301597Z,grzegorz.nowak,pat_007_fgp,repo.pull_request.read,81.133.152.49,PL,Poland,Warsaw,52.20869575778125,21.028128463298216,AS5617,Orange Polska,git/2.44.0,"repo:read,workflow:read",False,github.audit_log
2026-06-27T17:22:47.301597Z,grzegorz.nowak,pat_007_fgp,repo.contents.read,139.156.85.17,PL,Poland,Warsaw,52.24913062978047,21.00009213520965,AS5617,Orange Polska,GitHub CLI 2.52.0,"repo:read,workflow:read",False,github.audit_log
2026-06-27T17:31:10.301597Z,han.lee,pat_008_fgp,repo.clone,36.89.20.219,SG,Singapore,Singapore,1.339534030634261,103.83789576616142,AS3758,Singtel,GitHub CLI 2.52.0,"repo:read,workflow:read",False,github.audit_log
2026-06-27T17:31:35.301597Z,felix.tremblay,pat_006_fgp,repo.pull_request.read,216.201.167.82,CA,Canada,Montreal,45.499065471138934,-73.5833833264017,AS577,Bell Canada,git/2.43.0,"repo:read,user:email",False,github.audit_log
2026-06-27T18:03:40.301597Z,han.lee,pat_008_fgp,repo.contents.read,108.202.15.122,SG,Singapore,Singapore,1.3314794084489947,103.80299194352763,AS3758,Singtel,Mozilla/5.0 (Windows NT 10.0; Win64; x64) AppleWebKit/537.36 Chrome/126.0.0.0 Safari/537.36,"repo:read,workflow:read",False,github.audit_log
2026-06-27T18:06:41.301597Z,daniel.kelly,pat_004_fgp,repo.fetch,159.37.23.109,IE,Ireland,Dublin,53.34047173199373,-6.286474405273275,AS15502,Vodafone Ireland,git/2.44.0,"repo:read,user:email",False,github.audit_log
2026-06-27T18:53:22.301597Z,alice.martin,pat_001_fgp,repo.pull_request.read,130.226.226.173,FR,France,Paris,48.83942208405934,2.3505911711545595,AS3215,Orange France,git/2.43.0,"repo:read,user:email",False,github.audit_log
2026-06-27T19:22:31.301597Z,alice.martin,pat_001_fgp,repo.clone,99.219.189.18,FR,France,Paris,48.856957647380625,2.342673870491677,AS3215,Orange France,Mozilla/5.0 (Windows NT 10.0; Win64; x64) AppleWebKit/537.36 Chrome/126.0.0.0 Safari/537.36,"repo:read,workflow:read",False,github.audit_log
2026-06-27T19:52:27.301597Z,daniel.kelly,pat_004_fgp,repo.clone,77.184.120.16,IE,Ireland,Dublin,53.35986716688792,-6.262376300543484,AS15502,Vodafone Ireland,git/2.43.0,"repo:read,workflow:read",False,github.audit_log
2026-06-27T21:00:00.301597Z,alice.martin,pat_001_fgp,repo.clone,181.153.53.241,FR,France,Paris,48.87928761789841,2.3380679552892274,AS3215,Orange France,git/2.44.0,"repo:read,user:email",False,github.audit_log
2026-06-27T21:04:32.301597Z,benoit.dupont,pat_002_fgp,repo.fetch,166.180.112.163,FR,France,Lyon,45.74540791935663,4.820737608002617,AS3215,Orange France,git/2.43.0,"repo:read,user:email",False,github.audit_log
2026-06-27T21:47:23.301597Z,alice.martin,pat_001_fgp,repo.pull_request.read,34.120.158.58,FR,France,Paris,48.874993773674575,2.331041237734746,AS3215,Orange France,git/2.44.0,"repo:read,user:email",False,github.audit_log
2026-06-28T14:57:49.301597Z,grzegorz.nowak,pat_007_fgp,repo.clone,178.254.151.67,PL,Poland,Warsaw,52.25411469375129,21.006475933677677,AS5617,Orange Polska,git/2.44.0,"repo:read,user:email",False,github.audit_log
2026-06-28T15:03:50.301597Z,benoit.dupont,pat_002_fgp,repo.clone,81.74.66.139,FR,France,Lyon,45.74903925180369,4.816169827254083,AS3215,Orange France,git/2.44.0,"repo:read,user:email",False,github.audit_log
2026-06-28T15:44:35.301597Z,grzegorz.nowak,pat_007_fgp,repo.clone,131.27.36.121,PL,Poland,Warsaw,52.253065563688224,21.012228642469562,AS5617,Orange Polska,Mozilla/5.0 (Windows NT 10.0; Win64; x64) AppleWebKit/537.36 Chrome/126.0.0.0 Safari/537.36,"repo:read,workflow:read",False,github.audit_log
2026-06-28T16:45:11.301597Z,han.lee,pat_008_fgp,repo.fetch,162.82.210.6,SG,Singapore,Singapore,1.3367202184452762,103.79747310689694,AS3758,Singtel,git/2.43.0,"repo:read,user:email",False,github.audit_log
2026-06-28T17:25:27.301597Z,felix.tremblay,pat_006_fgp,repo.contents.read,213.249.162.45,CA,Canada,Montreal,45.51433097527418,-73.56368136141887,AS577,Bell Canada,GitHub CLI 2.52.0,"repo:read,user:email",False,github.audit_log
2026-06-28T17:40:50.301597Z,daniel.kelly,pat_004_fgp,repo.contents.read,187.104.210.129,IE,Ireland,Dublin,53.36629833810843,-6.235068743006168,AS15502,Vodafone Ireland,git/2.44.0,"repo:read,user:email",False,github.audit_log
2026-06-28T17:49:21.301597Z,grzegorz.nowak,pat_007_fgp,repo.contents.read,182.183.153.217,PL,Poland,Warsaw,52.20989919984369,21.021656881080492,AS5617,Orange Polska,git/2.43.0,"repo:read,workflow:read",False,github.audit_log
2026-06-28T18:03:02.301597Z,alice.martin,pat_001_fgp,repo.clone,34.194.49.92,FR,France,Paris,48.87744966198085,2.3584235618820135,AS3215,Orange France,git/2.44.0,"repo:read,workflow:read",False,github.audit_log
2026-06-28T18:20:12.301597Z,grzegorz.nowak,pat_007_fgp,repo.pull_request.read,172.90.160.163,PL,Poland,Warsaw,52.203180815293514,21.00932319371411,AS5617,Orange Polska,git/2.43.0,"repo:read,user:email",False,github.audit_log
2026-06-28T19:23:05.301597Z,felix.tremblay,pat_006_fgp,repo.contents.read,104.88.241.245,CA,Canada,Montreal,45.531141975890264,-73.59302048956006,AS577,Bell Canada,git/2.44.0,"repo:read,user:email",False,github.audit_log
2026-06-28T21:48:41.301597Z,han.lee,pat_008_fgp,repo.clone,204.23.37.92,SG,Singapore,Singapore,1.3777828650099802,103.7961681325122,AS3758,Singtel,GitHub CLI 2.52.0,"repo:read,user:email",False,github.audit_log
2026-06-28T21:50:08.301597Z,eva.rossi,pat_005_fgp,repo.contents.read,70.207.94.48,US,United States,New York,40.721228732599606,-74.01007193285425,AS7018,AT&T US,git/2.44.0,"repo:read,user:email",False,github.audit_log
2026-06-28T21:55:46.301597Z,eva.rossi,pat_005_fgp,repo.contents.read,105.47.97.14,US,United States,New York,40.6989076952713,-73.99557968476192,AS7018,AT&T US,git/2.44.0,"repo:read,user:email",False,github.audit_log
2026-06-29T13:49:38.301597Z,benoit.dupont,pat_002_fgp,repo.pull_request.read,26.203.141.49,FR,France,Lyon,45.79209241255619,4.862640647295728,AS3215,Orange France,Mozilla/5.0 (Windows NT 10.0; Win64; x64) AppleWebKit/537.36 Chrome/126.0.0.0 Safari/537.36,"repo:read,user:email",False,github.audit_log
2026-06-29T13:52:27.301597Z,han.lee,pat_008_fgp,repo.pull_request.read,45.237.46.102,SG,Singapore,Singapore,1.3439319334844504,103.79043550099553,AS3758,Singtel,git/2.43.0,"repo:read,user:email",False,github.audit_log
2026-06-29T14:00:58.301597Z,daniel.kelly,pat_004_fgp,repo.pull_request.read,42.194.202.210,IE,Ireland,Dublin,53.34050808050988,-6.2439161402741306,AS15502,Vodafone Ireland,git/2.43.0,"repo:read,workflow:read",False,github.audit_log
2026-06-29T14:52:25.301597Z,eva.rossi,pat_005_fgp,repo.fetch,99.12.247.27,US,United States,New York,40.700525933231106,-73.98076714731974,AS7018,AT&T US,git/2.44.0,"repo:read,user:email",False,github.audit_log
2026-06-29T16:06:16.301597Z,charlotte.reid,pat_003_fgp,repo.fetch,167.44.33.80,GB,United Kingdom,London,51.50108959884625,-0.114583984089403,AS5607,Sky UK,Mozilla/5.0 (Windows NT 10.0; Win64; x64) AppleWebKit/537.36 Chrome/126.0.0.0 Safari/537.36,"repo:read,workflow:read",False,github.audit_log
2026-06-29T16:38:08.301597Z,benoit.dupont,pat_002_fgp,repo.fetch,73.210.92.44,FR,France,Lyon,45.74450416130378,4.842269507213312,AS3215,Orange France,Mozilla/5.0 (Windows NT 10.0; Win64; x64) AppleWebKit/537.36 Chrome/126.0.0.0 Safari/537.36,"repo:read,user:email",False,github.audit_log
2026-06-29T17:00:07.301597Z,han.lee,pat_008_fgp,repo.pull_request.read,52.20.254.234,SG,Singapore,Singapore,1.3345616390562969,103.84578746067912,AS3758,Singtel,GitHub CLI 2.52.0,"repo:read,user:email",False,github.audit_log
2026-06-29T17:19:52.301597Z,eva.rossi,pat_005_fgp,repo.contents.read,125.208.52.7,US,United States,New York,40.68817713051762,-74.00274681167615,AS7018,AT&T US,GitHub CLI 2.52.0,"repo:read,workflow:read",False,github.audit_log
2026-06-29T17:43:57.301597Z,grzegorz.nowak,pat_007_fgp,repo.fetch,130.154.203.150,PL,Poland,Warsaw,52.205838726178115,21.0128908230481,AS5617,Orange Polska,GitHub CLI 2.52.0,"repo:read,workflow:read",False,github.audit_log
2026-06-29T17:58:28.301597Z,benoit.dupont,pat_002_fgp,repo.pull_request.read,160.195.190.28,FR,France,Lyon,45.77449019332252,4.833988612078887,AS3215,Orange France,GitHub CLI 2.52.0,"repo:read,user:email",False,github.audit_log
2026-06-29T18:17:06.301597Z,daniel.kelly,pat_004_fgp,repo.clone,156.99.185.142,IE,Ireland,Dublin,53.337116101822346,-6.267119070501213,AS15502,Vodafone Ireland,Mozilla/5.0 (Windows NT 10.0; Win64; x64) AppleWebKit/537.36 Chrome/126.0.0.0 Safari/537.36,"repo:read,workflow:read",False,github.audit_log
2026-06-29T18:52:16.301597Z,charlotte.reid,pat_003_fgp,repo.pull_request.read,182.62.210.91,GB,United Kingdom,London,51.52961644233406,-0.1011322078688662,AS5607,Sky UK,Mozilla/5.0 (Windows NT 10.0; Win64; x64) AppleWebKit/537.36 Chrome/126.0.0.0 Safari/537.36,"repo:read,user:email",False,github.audit_log
2026-06-29T20:07:02.301597Z,han.lee,pat_008_fgp,repo.fetch,40.205.204.247,SG,Singapore,Singapore,1.3494923212014884,103.83994250072199,AS3758,Singtel,Mozilla/5.0 (Windows NT 10.0; Win64; x64) AppleWebKit/537.36 Chrome/126.0.0.0 Safari/537.36,"repo:read,workflow:read",False,github.audit_log
2026-06-29T20:23:24.301597Z,han.lee,pat_008_fgp,repo.pull_request.read,133.236.228.92,SG,Singapore,Singapore,1.368586017691555,103.8190182829462,AS3758,Singtel,git/2.44.0,"repo:read,user:email",False,github.audit_log
2026-06-29T20:32:27.301597Z,felix.tremblay,pat_006_fgp,repo.clone,208.15.171.207,CA,Canada,Montreal,45.49765947416066,-73.5659687473131,AS577,Bell Canada,GitHub CLI 2.52.0,"repo:read,user:email",False,github.audit_log
2026-06-29T20:33:16.301597Z,han.lee,pat_008_fgp,repo.pull_request.read,190.54.23.230,SG,Singapore,Singapore,1.3319493220623235,103.79822695123933,AS3758,Singtel,Mozilla/5.0 (Windows NT 10.0; Win64; x64) AppleWebKit/537.36 Chrome/126.0.0.0 Safari/537.36,"repo:read,user:email",False,github.audit_log
2026-06-29T20:38:58.301597Z,felix.tremblay,pat_006_fgp,repo.fetch,17.163.112.8,CA,Canada,Montreal,45.52564588689686,-73.5506877031203,AS577,Bell Canada,git/2.44.0,"repo:read,workflow:read",False,github.audit_log
2026-06-29T21:23:23.301597Z,han.lee,pat_008_fgp,repo.fetch,36.145.35.231,SG,Singapore,Singapore,1.3337099141468642,103.81895167381643,AS3758,Singtel,GitHub CLI 2.52.0,"repo:read,workflow:read",False,github.audit_log
2026-06-29T22:09:43.301597Z,alice.martin,pat_001_fgp,repo.pull_request.read,64.127.52.91,FR,France,Paris,48.873406974512285,2.3752480820870603,AS3215,Orange France,Mozilla/5.0 (Windows NT 10.0; Win64; x64) AppleWebKit/537.36 Chrome/126.0.0.0 Safari/537.36,"repo:read,user:email",False,github.audit_log
2026-06-30T13:31:33.301597Z,felix.tremblay,pat_006_fgp,repo.fetch,18.207.231.143,CA,Canada,Montreal,45.516784706832524,-73.58240884230672,AS577,Bell Canada,Mozilla/5.0 (Windows NT 10.0; Win64; x64) AppleWebKit/537.36 Chrome/126.0.0.0 Safari/537.36,"repo:read,user:email",False,github.audit_log
2026-06-30T15:35:13.301597Z,han.lee,pat_008_fgp,repo.contents.read,118.127.140.102,SG,Singapore,Singapore,1.3799156122607852,103.84802949899472,AS3758,Singtel,Mozilla/5.0 (Windows NT 10.0; Win64; x64) AppleWebKit/537.36 Chrome/126.0.0.0 Safari/537.36,"repo:read,user:email",False,github.audit_log
2026-06-30T15:38:00.301597Z,charlotte.reid,pat_003_fgp,repo.pull_request.read,209.43.26.40,GB,United Kingdom,London,51.486644593826426,-0.12052970908443816,AS5607,Sky UK,git/2.44.0,"repo:read,workflow:read",False,github.audit_log
2026-06-30T17:23:29.301597Z,daniel.kelly,pat_004_fgp,repo.pull_request.read,142.54.163.62,IE,Ireland,Dublin,53.34778835402244,-6.274251699532749,AS15502,Vodafone Ireland,git/2.43.0,"repo:read,user:email",False,github.audit_log
2026-06-30T19:40:03.301597Z,han.lee,pat_008_fgp,repo.pull_request.read,135.246.3.129,SG,Singapore,Singapore,1.3750220545913139,103.81619392204536,AS3758,Singtel,git/2.43.0,"repo:read,user:email",False,github.audit_log
2026-06-30T19:50:56.301597Z,eva.rossi,pat_005_fgp,repo.contents.read,184.169.196.194,US,United States,New York,40.727184710255244,-73.98857011488595,AS7018,AT&T US,git/2.44.0,"repo:read,workflow:read",False,github.audit_log
2026-06-30T20:23:07.301597Z,felix.tremblay,pat_006_fgp,repo.fetch,175.127.9.254,CA,Canada,Montreal,45.49484988503244,-73.554597759885,AS577,Bell Canada,Mozilla/5.0 (Windows NT 10.0; Win64; x64) AppleWebKit/537.36 Chrome/126.0.0.0 Safari/537.36,"repo:read,workflow:read",False,github.audit_log
2026-06-30T21:01:04.301597Z,grzegorz.nowak,pat_007_fgp,repo.clone,93.97.9.174,PL,Poland,Warsaw,52.19994743003846,21.0262161944548,AS5617,Orange Polska,git/2.43.0,"repo:read,workflow:read",False,github.audit_log
2026-07-01T14:07:48.301597Z,daniel.kelly,pat_004_fgp,repo.fetch,88.84.82.83,IE,Ireland,Dublin,53.37588427019835,-6.276771782917072,AS15502,Vodafone Ireland,GitHub CLI 2.52.0,"repo:read,user:email",False,github.audit_log
2026-07-01T14:28:52.301597Z,alice.martin,pat_001_fgp,repo.contents.read,23.127.62.117,FR,France,Paris,48.834600346333424,2.350078594249894,AS3215,Orange France,GitHub CLI 2.52.0,"repo:read,workflow:read",False,github.audit_log
2026-07-01T14:35:23.301597Z,charlotte.reid,pat_003_fgp,repo.pull_request.read,106.78.242.18,GB,United Kingdom,London,51.48267348730196,-0.15247813856010284,AS5607,Sky UK,Mozilla/5.0 (Windows NT 10.0; Win64; x64) AppleWebKit/537.36 Chrome/126.0.0.0 Safari/537.36,"repo:read,user:email",False,github.audit_log
2026-07-01T14:54:07.301597Z,benoit.dupont,pat_002_fgp,repo.pull_request.read,19.189.111.114,FR,France,Lyon,45.760681751586745,4.81986675829386,AS3215,Orange France,GitHub CLI 2.52.0,"repo:read,user:email",False,github.audit_log
2026-07-01T15:18:06.301597Z,charlotte.reid,pat_003_fgp,repo.pull_request.read,71.197.41.96,GB,United Kingdom,London,51.49067232551642,-0.1384789074730161,AS5607,Sky UK,git/2.44.0,"repo:read,workflow:read",False,github.audit_log
2026-07-01T16:17:56.301597Z,felix.tremblay,pat_006_fgp,repo.clone,122.59.232.157,CA,Canada,Montreal,45.50842994426564,-73.57884259616759,AS577,Bell Canada,git/2.43.0,"repo:read,user:email",False,github.audit_log
2026-07-01T17:07:17.301597Z,charlotte.reid,pat_003_fgp,repo.clone,43.162.37.116,GB,United Kingdom,London,51.50514999197726,-0.1265583992908084,AS5607,Sky UK,git/2.43.0,"repo:read,user:email",False,github.audit_log
2026-07-01T17:45:44.301597Z,felix.tremblay,pat_006_fgp,repo.fetch,193.143.47.12,CA,Canada,Montreal,45.527176464178325,-73.54356275168412,AS577,Bell Canada,Mozilla/5.0 (Windows NT 10.0; Win64; x64) AppleWebKit/537.36 Chrome/126.0.0.0 Safari/537.36,"repo:read,workflow:read",False,github.audit_log
2026-07-01T18:05:41.301597Z,han.lee,pat_008_fgp,repo.clone,17.195.74.14,SG,Singapore,Singapore,1.3623152507260166,103.80179414503588,AS3758,Singtel,git/2.43.0,"repo:read,workflow:read",False,github.audit_log
2026-07-01T18:36:01.301597Z,benoit.dupont,pat_002_fgp,repo.clone,52.168.210.178,FR,France,Lyon,45.763728141257864,4.845455012219486,AS3215,Orange France,Mozilla/5.0 (Windows NT 10.0; Win64; x64) AppleWebKit/537.36 Chrome/126.0.0.0 Safari/537.36,"repo:read,user:email",False,github.audit_log
2026-07-01T19:01:20.301597Z,han.lee,pat_008_fgp,repo.clone,83.58.54.128,SG,Singapore,Singapore,1.334018799702377,103.80178496316879,AS3758,Singtel,GitHub CLI 2.52.0,"repo:read,user:email",False,github.audit_log
2026-07-01T19:18:36.301597Z,grzegorz.nowak,pat_007_fgp,repo.fetch,46.102.175.105,PL,Poland,Warsaw,52.25893149596277,21.035770707398633,AS5617,Orange Polska,Mozilla/5.0 (Windows NT 10.0; Win64; x64) AppleWebKit/537.36 Chrome/126.0.0.0 Safari/537.36,"repo:read,user:email",False,github.audit_log
2026-07-01T19:59:27.301597Z,alice.martin,pat_001_fgp,repo.contents.read,50.97.151.56,FR,France,Paris,48.88472256189815,2.356950817448975,AS3215,Orange France,git/2.44.0,"repo:read,workflow:read",False,github.audit_log
2026-07-01T20:36:20.301597Z,alice.martin,pat_001_fgp,repo.pull_request.read,180.63.153.130,FR,France,Paris,48.845157079732516,2.3467035745171527,AS3215,Orange France,Mozilla/5.0 (Windows NT 10.0; Win64; x64) AppleWebKit/537.36 Chrome/126.0.0.0 Safari/537.36,"repo:read,workflow:read",False,github.audit_log
2026-07-01T20:58:18.301597Z,han.lee,pat_008_fgp,repo.clone,208.230.234.169,SG,Singapore,Singapore,1.3574589699966566,103.8200518545693,AS3758,Singtel,Mozilla/5.0 (Windows NT 10.0; Win64; x64) AppleWebKit/537.36 Chrome/126.0.0.0 Safari/537.36,"repo:read,user:email",False,github.audit_log
2026-07-01T21:53:22.301597Z,grzegorz.nowak,pat_007_fgp,repo.clone,59.226.108.234,PL,Poland,Warsaw,52.24913816605531,21.0266566879352,AS5617,Orange Polska,GitHub CLI 2.52.0,"repo:read,user:email",False,github.audit_log
2026-07-01T22:00:36.301597Z,benoit.dupont,pat_002_fgp,repo.clone,124.85.153.232,FR,France,Lyon,45.73573683496386,4.825162480006878,AS3215,Orange France,git/2.44.0,"repo:read,workflow:read",False,github.audit_log
2026-07-02T13:32:01.301597Z,alice.martin,pat_001_fgp,repo.fetch,223.44.142.226,FR,France,Paris,48.85364812001163,2.3672285769096204,AS3215,Orange France,Mozilla/5.0 (Windows NT 10.0; Win64; x64) AppleWebKit/537.36 Chrome/126.0.0.0 Safari/537.36,"repo:read,workflow:read",False,github.audit_log
2026-07-02T13:49:11.301597Z,benoit.dupont,pat_002_fgp,repo.pull_request.read,96.193.233.239,FR,France,Lyon,45.753306641013744,4.817019142422426,AS3215,Orange France,git/2.43.0,"repo:read,workflow:read",False,github.audit_log
2026-07-02T15:59:54.301597Z,eva.rossi,pat_005_fgp,repo.fetch,82.32.52.205,US,United States,New York,40.73511875980059,-74.02478240986207,AS7018,AT&T US,GitHub CLI 2.52.0,"repo:read,user:email",False,github.audit_log
2026-07-02T16:02:19.301597Z,daniel.kelly,pat_004_fgp,repo.pull_request.read,117.241.111.196,IE,Ireland,Dublin,53.33464792575852,-6.2450156270165085,AS15502,Vodafone Ireland,git/2.44.0,"repo:read,workflow:read",False,github.audit_log
2026-07-02T16:10:22.301597Z,eva.rossi,pat_005_fgp,repo.fetch,87.164.102.123,US,United States,New York,40.70165099687173,-73.9781255226143,AS7018,AT&T US,GitHub CLI 2.52.0,"repo:read,workflow:read",False,github.audit_log
2026-07-02T16:21:57.301597Z,eva.rossi,pat_005_fgp,repo.contents.read,146.160.198.157,US,United States,New York,40.706352640342864,-74.02914607559983,AS7018,AT&T US,GitHub CLI 2.52.0,"repo:read,workflow:read",False,github.audit_log
2026-07-02T16:37:18.301597Z,benoit.dupont,pat_002_fgp,repo.pull_request.read,174.217.128.117,FR,France,Lyon,45.78471823550856,4.817653019946533,AS3215,Orange France,Mozilla/5.0 (Windows NT 10.0; Win64; x64) AppleWebKit/537.36 Chrome/126.0.0.0 Safari/537.36,"repo:read,workflow:read",False,github.audit_log
2026-07-02T17:17:51.301597Z,felix.tremblay,pat_006_fgp,repo.contents.read,221.202.254.8,CA,Canada,Montreal,45.49486376631403,-73.5718001588943,AS577,Bell Canada,GitHub CLI 2.52.0,"repo:read,user:email",False,github.audit_log
2026-07-02T17:22:27.301597Z,benoit.dupont,pat_002_fgp,repo.fetch,91.61.94.50,FR,France,Lyon,45.74698307839272,4.834751915232762,AS3215,Orange France,GitHub CLI 2.52.0,"repo:read,user:email",False,github.audit_log
2026-07-02T17:48:04.301597Z,charlotte.reid,pat_003_fgp,repo.contents.read,91.142.127.246,GB,United Kingdom,London,51.4840069167551,-0.11345950843123434,AS5607,Sky UK,Mozilla/5.0 (Windows NT 10.0; Win64; x64) AppleWebKit/537.36 Chrome/126.0.0.0 Safari/537.36,"repo:read,workflow:read",False,github.audit_log
2026-07-02T18:06:31.301597Z,charlotte.reid,pat_003_fgp,repo.contents.read,60.188.225.119,GB,United Kingdom,London,51.52336631311853,-0.11091255776500444,AS5607,Sky UK,Mozilla/5.0 (Windows NT 10.0; Win64; x64) AppleWebKit/537.36 Chrome/126.0.0.0 Safari/537.36,"repo:read,user:email",False,github.audit_log
2026-07-02T18:21:13.301597Z,felix.tremblay,pat_006_fgp,repo.fetch,174.201.38.152,CA,Canada,Montreal,45.50596924369735,-73.57130102729391,AS577,Bell Canada,git/2.43.0,"repo:read,user:email",False,github.audit_log
2026-07-02T18:43:07.301597Z,daniel.kelly,pat_004_fgp,repo.contents.read,129.104.174.156,IE,Ireland,Dublin,53.32842012146976,-6.2386108953900505,AS15502,Vodafone Ireland,GitHub CLI 2.52.0,"repo:read,workflow:read",False,github.audit_log
2026-07-02T18:53:26.301597Z,charlotte.reid,pat_003_fgp,repo.contents.read,53.227.179.115,GB,United Kingdom,London,51.47974130977101,-0.10539776949661647,AS5607,Sky UK,GitHub CLI 2.52.0,"repo:read,workflow:read",False,github.audit_log
2026-07-02T18:57:08.301597Z,charlotte.reid,pat_003_fgp,repo.contents.read,166.226.212.70,GB,United Kingdom,London,51.490134137920265,-0.1268592216519337,AS5607,Sky UK,GitHub CLI 2.52.0,"repo:read,workflow:read",False,github.audit_log
2026-07-02T19:05:56.301597Z,eva.rossi,pat_005_fgp,repo.fetch,218.179.219.43,US,United States,New York,40.71976907198693,-73.98890904140177,AS7018,AT&T US,git/2.43.0,"repo:read,user:email",False,github.audit_log
2026-07-02T19:20:19.301597Z,benoit.dupont,pat_002_fgp,repo.clone,121.165.128.7,FR,France,Lyon,45.739479613197865,4.86341466613157,AS3215,Orange France,git/2.44.0,"repo:read,workflow:read",False,github.audit_log
2026-07-02T19:22:30.301597Z,benoit.dupont,pat_002_fgp,repo.contents.read,142.0.236.106,FR,France,Lyon,45.737252245122605,4.836806363547644,AS3215,Orange France,Mozilla/5.0 (Windows NT 10.0; Win64; x64) AppleWebKit/537.36 Chrome/126.0.0.0 Safari/537.36,"repo:read,workflow:read",False,github.audit_log
2026-07-02T19:32:45.301597Z,charlotte.reid,pat_003_fgp,repo.clone,168.196.236.149,GB,United Kingdom,London,51.5104589822803,-0.11009093216407848,AS5607,Sky UK,git/2.44.0,"repo:read,workflow:read",False,github.audit_log
2026-07-02T19:34:48.301597Z,han.lee,pat_008_fgp,repo.contents.read,201.9.52.104,SG,Singapore,Singapore,1.346840312860533,103.82322786068428,AS3758,Singtel,git/2.44.0,"repo:read,user:email",False,github.audit_log
2026-07-02T19:48:54.301597Z,eva.rossi,pat_005_fgp,repo.contents.read,37.126.152.224,US,United States,New York,40.74275876015673,-74.00901605943018,AS7018,AT&T US,GitHub CLI 2.52.0,"repo:read,user:email",False,github.audit_log
2026-07-02T20:19:32.301597Z,grzegorz.nowak,pat_007_fgp,repo.clone,86.10.163.67,PL,Poland,Warsaw,52.25679972788605,20.986652024106,AS5617,Orange Polska,git/2.43.0,"repo:read,workflow:read",False,github.audit_log
2026-07-02T20:46:37.301597Z,daniel.kelly,pat_004_fgp,repo.fetch,140.239.139.50,IE,Ireland,Dublin,53.36832883269458,-6.270458954190093,AS15502,Vodafone Ireland,Mozilla/5.0 (Windows NT 10.0; Win64; x64) AppleWebKit/537.36 Chrome/126.0.0.0 Safari/537.36,"repo:read,workflow:read",False,github.audit_log
2026-07-02T21:04:04.301597Z,benoit.dupont,pat_002_fgp,repo.clone,126.113.22.187,FR,France,Lyon,45.780993619758824,4.85771885446559,AS3215,Orange France,GitHub CLI 2.52.0,"repo:read,workflow:read",False,github.audit_log
2026-07-03T14:15:48.301597Z,alice.martin,pat_001_fgp,repo.pull_request.read,223.157.122.15,FR,France,Paris,48.84105229554683,2.3562414166213346,AS3215,Orange France,git/2.44.0,"repo:read,user:email",False,github.audit_log
2026-07-03T14:22:33.301597Z,benoit.dupont,pat_002_fgp,repo.clone,113.251.37.148,FR,France,Lyon,45.77176674241712,4.808916544457552,AS3215,Orange France,git/2.43.0,"repo:read,workflow:read",False,github.audit_log
2026-07-03T14:44:07.301597Z,alice.martin,pat_001_fgp,repo.fetch,194.196.253.103,FR,France,Paris,48.841239066374705,2.3615634806667067,AS3215,Orange France,git/2.44.0,"repo:read,user:email",False,github.audit_log
2026-07-03T15:12:56.301597Z,eva.rossi,pat_005_fgp,repo.fetch,112.122.164.199,US,United States,New York,40.69978355185121,-74.00802497234926,AS7018,AT&T US,GitHub CLI 2.52.0,"repo:read,workflow:read",False,github.audit_log
2026-07-03T15:16:59.301597Z,daniel.kelly,pat_004_fgp,repo.contents.read,57.69.215.96,IE,Ireland,Dublin,53.37937139591485,-6.267351222868918,AS15502,Vodafone Ireland,Mozilla/5.0 (Windows NT 10.0; Win64; x64) AppleWebKit/537.36 Chrome/126.0.0.0 Safari/537.36,"repo:read,workflow:read",False,github.audit_log
2026-07-03T15:28:10.301597Z,alice.martin,pat_001_fgp,repo.pull_request.read,207.188.85.156,FR,France,Paris,48.86303484963346,2.367075539117317,AS3215,Orange France,git/2.44.0,"repo:read,user:email",False,github.audit_log
2026-07-03T16:24:17.301597Z,eva.rossi,pat_005_fgp,repo.pull_request.read,171.212.192.116,US,United States,New York,40.68733097639991,-73.98832408215993,AS7018,AT&T US,git/2.44.0,"repo:read,workflow:read",False,github.audit_log
2026-07-03T16:44:56.301597Z,benoit.dupont,pat_002_fgp,repo.contents.read,152.74.196.49,FR,France,Lyon,45.7893120889959,4.836194453495573,AS3215,Orange France,git/2.43.0,"repo:read,user:email",False,github.audit_log
2026-07-03T17:39:08.301597Z,eva.rossi,pat_005_fgp,repo.fetch,185.194.43.198,US,United States,New York,40.71991695341559,-73.98811668957184,AS7018,AT&T US,git/2.44.0,"repo:read,user:email",False,github.audit_log
2026-07-03T18:08:09.301597Z,eva.rossi,pat_005_fgp,repo.clone,102.4.248.35,US,United States,New York,40.694507709498055,-74.01296334944793,AS7018,AT&T US,Mozilla/5.0 (Windows NT 10.0; Win64; x64) AppleWebKit/537.36 Chrome/126.0.0.0 Safari/537.36,"repo:read,workflow:read",False,github.audit_log
2026-07-03T18:16:05.301597Z,alice.martin,pat_001_fgp,repo.pull_request.read,182.207.84.216,FR,France,Paris,48.85464340895394,2.3298576678368694,AS3215,Orange France,git/2.44.0,"repo:read,workflow:read",False,github.audit_log
2026-07-03T18:18:03.301597Z,eva.rossi,pat_005_fgp,repo.contents.read,212.163.213.105,US,United States,New York,40.69175305646951,-74.01341238868957,AS7018,AT&T US,Mozilla/5.0 (Windows NT 10.0; Win64; x64) AppleWebKit/537.36 Chrome/126.0.0.0 Safari/537.36,"repo:read,user:email",False,github.audit_log
2026-07-03T18:44:21.301597Z,benoit.dupont,pat_002_fgp,repo.pull_request.read,128.130.4.231,FR,France,Lyon,45.78227798461851,4.859772565415933,AS3215,Orange France,git/2.43.0,"repo:read,user:email",False,github.audit_log
2026-07-03T18:54:52.301597Z,charlotte.reid,pat_003_fgp,repo.fetch,27.234.18.76,GB,United Kingdom,London,51.4892954595702,-0.11013344720625735,AS5607,Sky UK,git/2.44.0,"repo:read,workflow:read",False,github.audit_log
2026-07-03T19:26:40.301597Z,daniel.kelly,pat_004_fgp,repo.pull_request.read,20.4.152.146,IE,Ireland,Dublin,53.35596697793036,-6.234592709238979,AS15502,Vodafone Ireland,GitHub CLI 2.52.0,"repo:read,workflow:read",False,github.audit_log
2026-07-03T19:41:26.301597Z,eva.rossi,pat_005_fgp,repo.contents.read,136.85.42.145,US,United States,New York,40.68465164233858,-73.99033660288727,AS7018,AT&T US,GitHub CLI 2.52.0,"repo:read,user:email",False,github.audit_log
2026-07-03T20:01:32.301597Z,eva.rossi,pat_005_fgp,repo.clone,37.160.188.226,US,United States,New York,40.70075531964472,-74.01303673700684,AS7018,AT&T US,git/2.43.0,"repo:read,user:email",False,github.audit_log
2026-07-03T20:44:13.301597Z,felix.tremblay,pat_006_fgp,repo.pull_request.read,25.255.85.95,CA,Canada,Montreal,45.48133859886607,-73.55100026280452,AS577,Bell Canada,git/2.44.0,"repo:read,user:email",False,github.audit_log
2026-07-03T20:49:30.301597Z,alice.martin,pat_001_fgp,repo.fetch,43.243.84.68,FR,France,Paris,48.85826042724509,2.3585956350489576,AS3215,Orange France,git/2.43.0,"repo:read,user:email",False,github.audit_log
2026-07-03T21:18:49.301597Z,eva.rossi,pat_005_fgp,repo.fetch,143.227.4.3,US,United States,New York,40.72453582643728,-73.98697345838521,AS7018,AT&T US,Mozilla/5.0 (Windows NT 10.0; Win64; x64) AppleWebKit/537.36 Chrome/126.0.0.0 Safari/537.36,"repo:read,user:email",False,github.audit_log
2026-07-04T14:36:45.301597Z,charlotte.reid,pat_003_fgp,repo.contents.read,200.21.223.5,GB,United Kingdom,London,51.504785255021375,-0.15292824328745452,AS5607,Sky UK,GitHub CLI 2.52.0,"repo:read,workflow:read",False,github.audit_log
2026-07-04T14:54:42.301597Z,han.lee,pat_008_fgp,repo.contents.read,207.108.18.142,SG,Singapore,Singapore,1.3377369792864335,103.84343915607276,AS3758,Singtel,Mozilla/5.0 (Windows NT 10.0; Win64; x64) AppleWebKit/537.36 Chrome/126.0.0.0 Safari/537.36,"repo:read,user:email",False,github.audit_log
2026-07-04T15:10:40.301597Z,grzegorz.nowak,pat_007_fgp,repo.contents.read,157.120.243.77,PL,Poland,Warsaw,52.20443730298645,21.036366632080348,AS5617,Orange Polska,git/2.44.0,"repo:read,user:email",False,github.audit_log
2026-07-04T15:37:30.301597Z,felix.tremblay,pat_006_fgp,repo.fetch,51.51.126.169,CA,Canada,Montreal,45.486369167709285,-73.56537862612474,AS577,Bell Canada,git/2.44.0,"repo:read,user:email",False,github.audit_log
2026-07-04T16:11:24.301597Z,grzegorz.nowak,pat_007_fgp,repo.fetch,98.250.183.193,PL,Poland,Warsaw,52.211005562033456,21.039085061222416,AS5617,Orange Polska,Mozilla/5.0 (Windows NT 10.0; Win64; x64) AppleWebKit/537.36 Chrome/126.0.0.0 Safari/537.36,"repo:read,user:email",False,github.audit_log
2026-07-04T16:20:52.301597Z,daniel.kelly,pat_004_fgp,repo.fetch,133.165.127.2,IE,Ireland,Dublin,53.335447116623925,-6.276168724831908,AS15502,Vodafone Ireland,GitHub CLI 2.52.0,"repo:read,workflow:read",False,github.audit_log
2026-07-04T17:41:46.301597Z,charlotte.reid,pat_003_fgp,repo.contents.read,165.92.150.83,GB,United Kingdom,London,51.48335587446692,-0.1379248056795064,AS5607,Sky UK,GitHub CLI 2.52.0,"repo:read,workflow:read",False,github.audit_log
2026-07-04T17:50:48.301597Z,daniel.kelly,pat_004_fgp,repo.clone,223.103.76.43,IE,Ireland,Dublin,53.33948705826453,-6.259079507528913,AS15502,Vodafone Ireland,git/2.44.0,"repo:read,user:email",False,github.audit_log
2026-07-04T17:55:58.301597Z,han.lee,pat_008_fgp,repo.fetch,49.95.80.93,SG,Singapore,Singapore,1.3582212165880068,103.83881730453298,AS3758,Singtel,git/2.43.0,"repo:read,workflow:read",False,github.audit_log
2026-07-04T18:00:09.301597Z,charlotte.reid,pat_003_fgp,repo.contents.read,145.81.186.96,GB,United Kingdom,London,51.53227620734702,-0.13435500642861303,AS5607,Sky UK,GitHub CLI 2.52.0,"repo:read,user:email",False,github.audit_log
2026-07-04T18:00:13.301597Z,grzegorz.nowak,pat_007_fgp,repo.contents.read,45.14.88.50,PL,Poland,Warsaw,52.25221083336753,20.99424360656603,AS5617,Orange Polska,git/2.44.0,"repo:read,user:email",False,github.audit_log
2026-07-04T18:11:04.301597Z,eva.rossi,pat_005_fgp,repo.contents.read,135.167.1.223,US,United States,New York,40.729248117426266,-73.99203655840763,AS7018,AT&T US,Mozilla/5.0 (Windows NT 10.0; Win64; x64) AppleWebKit/537.36 Chrome/126.0.0.0 Safari/537.36,"repo:read,workflow:read",False,github.audit_log
2026-07-04T18:50:41.301597Z,felix.tremblay,pat_006_fgp,repo.fetch,123.179.109.161,CA,Canada,Montreal,45.51679613018246,-73.54220635252072,AS577,Bell Canada,Mozilla/5.0 (Windows NT 10.0; Win64; x64) AppleWebKit/537.36 Chrome/126.0.0.0 Safari/537.36,"repo:read,user:email",False,github.audit_log
2026-07-04T18:57:11.301597Z,daniel.kelly,pat_004_fgp,repo.contents.read,91.88.235.234,IE,Ireland,Dublin,53.351787623874394,-6.25752360684531,AS15502,Vodafone Ireland,GitHub CLI 2.52.0,"repo:read,workflow:read",False,github.audit_log
2026-07-04T19:01:07.301597Z,alice.martin,pat_001_fgp,repo.contents.read,153.123.243.166,FR,France,Paris,48.86931054438836,2.349090472975194,AS3215,Orange France,git/2.44.0,"repo:read,user:email",False,github.audit_log
2026-07-04T19:01:44.301597Z,han.lee,pat_008_fgp,repo.contents.read,160.247.90.178,SG,Singapore,Singapore,1.3568132631422507,103.83362967970457,AS3758,Singtel,git/2.43.0,"repo:read,user:email",False,github.audit_log
2026-07-04T19:44:12.301597Z,daniel.kelly,pat_004_fgp,repo.pull_request.read,138.11.46.242,IE,Ireland,Dublin,53.3433945310468,-6.262866161468616,AS15502,Vodafone Ireland,git/2.43.0,"repo:read,user:email",False,github.audit_log
2026-07-04T19:55:34.301597Z,han.lee,pat_008_fgp,repo.pull_request.read,200.134.89.97,SG,Singapore,Singapore,1.361320518788033,103.81171780667947,AS3758,Singtel,git/2.44.0,"repo:read,workflow:read",False,github.audit_log
2026-07-04T20:23:09.301597Z,han.lee,pat_008_fgp,repo.fetch,56.74.247.241,SG,Singapore,Singapore,1.3436277323307484,103.80292914703554,AS3758,Singtel,Mozilla/5.0 (Windows NT 10.0; Win64; x64) AppleWebKit/537.36 Chrome/126.0.0.0 Safari/537.36,"repo:read,user:email",False,github.audit_log
2026-07-04T20:39:07.301597Z,eva.rossi,pat_005_fgp,repo.fetch,158.196.216.48,US,United States,New York,40.71200021294155,-74.00375724380012,AS7018,AT&T US,git/2.43.0,"repo:read,user:email",False,github.audit_log
2026-07-04T21:34:34.301597Z,alice.martin,pat_001_fgp,repo.fetch,50.191.82.139,FR,France,Paris,48.88380998485921,2.3775460448370964,AS3215,Orange France,git/2.44.0,"repo:read,workflow:read",False,github.audit_log
2026-07-04T22:14:56.301597Z,felix.tremblay,pat_006_fgp,repo.clone,131.186.196.236,CA,Canada,Montreal,45.480905080094466,-73.54153039537057,AS577,Bell Canada,git/2.44.0,"repo:read,workflow:read",False,github.audit_log
2026-07-04T23:04:00.301597Z,daniel.kelly,pat_004_fgp,repo.clone,174.151.188.158,IE,Ireland,Dublin,53.333050954398125,-6.232858367788686,AS15502,Vodafone Ireland,Mozilla/5.0 (Windows NT 10.0; Win64; x64) AppleWebKit/537.36 Chrome/126.0.0.0 Safari/537.36,"repo:read,user:email",False,github.audit_log
2026-07-05T13:59:07.301597Z,eva.rossi,pat_005_fgp,repo.clone,213.184.43.28,US,United States,New York,40.728937242875205,-73.99654390132515,AS7018,AT&T US,GitHub CLI 2.52.0,"repo:read,user:email",False,github.audit_log
2026-07-05T14:00:56.301597Z,alice.martin,pat_001_fgp,repo.fetch,129.194.138.254,FR,France,Paris,48.88212347077727,2.3634897175059986,AS3215,Orange France,git/2.43.0,"repo:read,workflow:read",False,github.audit_log
2026-07-05T14:21:57.301597Z,charlotte.reid,pat_003_fgp,repo.pull_request.read,191.228.109.157,GB,United Kingdom,London,51.49433461266189,-0.10261126542748711,AS5607,Sky UK,Mozilla/5.0 (Windows NT 10.0; Win64; x64) AppleWebKit/537.36 Chrome/126.0.0.0 Safari/537.36,"repo:read,user:email",False,github.audit_log
2026-07-05T15:31:29.301597Z,eva.rossi,pat_005_fgp,repo.contents.read,196.251.235.44,US,United States,New York,40.7267663342215,-74.01486942990007,AS7018,AT&T US,git/2.43.0,"repo:read,workflow:read",False,github.audit_log
2026-07-05T16:29:37.301597Z,han.lee,pat_008_fgp,repo.fetch,180.169.169.93,SG,Singapore,Singapore,1.3397144614302123,103.8468184965816,AS3758,Singtel,Mozilla/5.0 (Windows NT 10.0; Win64; x64) AppleWebKit/537.36 Chrome/126.0.0.0 Safari/537.36,"repo:read,user:email",False,github.audit_log
2026-07-05T16:53:19.301597Z,felix.tremblay,pat_006_fgp,repo.pull_request.read,210.13.154.53,CA,Canada,Montreal,45.502964947667834,-73.56682864603313,AS577,Bell Canada,Mozilla/5.0 (Windows NT 10.0; Win64; x64) AppleWebKit/537.36 Chrome/126.0.0.0 Safari/537.36,"repo:read,workflow:read",False,github.audit_log
2026-07-05T17:04:20.301597Z,han.lee,pat_008_fgp,repo.contents.read,194.186.231.30,SG,Singapore,Singapore,1.3279462213393987,103.82933461522836,AS3758,Singtel,git/2.44.0,"repo:read,workflow:read",False,github.audit_log
2026-07-05T19:22:40.301597Z,alice.martin,pat_001_fgp,repo.contents.read,31.150.185.148,FR,France,Paris,48.8381373154154,2.3263733089294245,AS3215,Orange France,git/2.43.0,"repo:read,workflow:read",False,github.audit_log
2026-07-05T19:22:53.301597Z,alice.martin,pat_001_fgp,repo.contents.read,181.194.89.158,FR,France,Paris,48.86074631529195,2.3465645101254897,AS3215,Orange France,git/2.44.0,"repo:read,workflow:read",False,github.audit_log
2026-07-05T21:59:54.301597Z,eva.rossi,pat_005_fgp,repo.contents.read,215.149.35.210,US,United States,New York,40.73366727580234,-73.98829726251552,AS7018,AT&T US,Mozilla/5.0 (Windows NT 10.0; Win64; x64) AppleWebKit/537.36 Chrome/126.0.0.0 Safari/537.36,"repo:read,user:email",False,github.audit_log
2026-07-06T13:50:50.301597Z,felix.tremblay,pat_006_fgp,repo.fetch,218.252.158.45,CA,Canada,Montreal,45.501326185207645,-73.59198455738895,AS577,Bell Canada,git/2.43.0,"repo:read,user:email",False,github.audit_log
2026-07-06T14:05:00.301597Z,felix.tremblay,pat_006_fgp,repo.fetch,129.188.252.198,CA,Canada,Montreal,45.518453157357314,-73.55345219979566,AS577,Bell Canada,git/2.43.0,"repo:read,user:email",False,github.audit_log
2026-07-06T14:18:04.301597Z,grzegorz.nowak,pat_007_fgp,repo.clone,120.44.150.211,PL,Poland,Warsaw,52.23942121356059,21.018212931680825,AS5617,Orange Polska,git/2.43.0,"repo:read,user:email",False,github.audit_log
2026-07-06T14:41:20.301597Z,daniel.kelly,pat_004_fgp,repo.clone,138.148.154.124,IE,Ireland,Dublin,53.33449267463894,-6.241859041134272,AS15502,Vodafone Ireland,Mozilla/5.0 (Windows NT 10.0; Win64; x64) AppleWebKit/537.36 Chrome/126.0.0.0 Safari/537.36,"repo:read,workflow:read",False,github.audit_log
2026-07-06T15:01:20.301597Z,daniel.kelly,pat_004_fgp,repo.contents.read,48.124.16.147,IE,Ireland,Dublin,53.37669231024706,-6.283706268719978,AS15502,Vodafone Ireland,git/2.44.0,"repo:read,workflow:read",False,github.audit_log
2026-07-06T15:30:25.301597Z,eva.rossi,pat_005_fgp,repo.fetch,87.41.16.24,US,United States,New York,40.707116697886256,-74.01336982589095,AS7018,AT&T US,Mozilla/5.0 (Windows NT 10.0; Win64; x64) AppleWebKit/537.36 Chrome/126.0.0.0 Safari/537.36,"repo:read,user:email",False,github.audit_log
2026-07-06T16:37:15.301597Z,eva.rossi,pat_005_fgp,repo.pull_request.read,163.86.165.251,US,United States,New York,40.72504322570531,-74.0186400053921,AS7018,AT&T US,GitHub CLI 2.52.0,"repo:read,user:email",False,github.audit_log
2026-07-06T16:40:26.301597Z,charlotte.reid,pat_003_fgp,repo.contents.read,85.58.207.6,GB,United Kingdom,London,51.535171981461986,-0.14728760916531586,AS5607,Sky UK,Mozilla/5.0 (Windows NT 10.0; Win64; x64) AppleWebKit/537.36 Chrome/126.0.0.0 Safari/537.36,"repo:read,workflow:read",False,github.audit_log
2026-07-06T16:45:46.301597Z,daniel.kelly,pat_004_fgp,repo.contents.read,218.28.232.34,IE,Ireland,Dublin,53.3505948705921,-6.262892091457287,AS15502,Vodafone Ireland,git/2.44.0,"repo:read,workflow:read",False,github.audit_log
2026-07-06T16:50:03.301597Z,han.lee,pat_008_fgp,repo.clone,211.162.112.245,SG,Singapore,Singapore,1.3331321458521217,103.79389058814627,AS3758,Singtel,git/2.43.0,"repo:read,workflow:read",False,github.audit_log
2026-07-06T17:02:51.301597Z,grzegorz.nowak,pat_007_fgp,repo.contents.read,212.45.66.158,PL,Poland,Warsaw,52.22572268485732,21.00796458338055,AS5617,Orange Polska,Mozilla/5.0 (Windows NT 10.0; Win64; x64) AppleWebKit/537.36 Chrome/126.0.0.0 Safari/537.36,"repo:read,workflow:read",False,github.audit_log
2026-07-06T17:46:19.301597Z,daniel.kelly,pat_004_fgp,repo.contents.read,84.4.55.111,IE,Ireland,Dublin,53.327836096639544,-6.274431626012545,AS15502,Vodafone Ireland,GitHub CLI 2.52.0,"repo:read,workflow:read",False,github.audit_log
2026-07-06T17:53:44.301597Z,benoit.dupont,pat_002_fgp,repo.clone,206.106.108.68,FR,France,Lyon,45.773625688231526,4.815123425602852,AS3215,Orange France,git/2.43.0,"repo:read,user:email",False,github.audit_log
2026-07-06T18:43:10.301597Z,felix.tremblay,pat_006_fgp,repo.pull_request.read,115.61.183.247,CA,Canada,Montreal,45.51812020492299,-73.57028497538494,AS577,Bell Canada,Mozilla/5.0 (Windows NT 10.0; Win64; x64) AppleWebKit/537.36 Chrome/126.0.0.0 Safari/537.36,"repo:read,workflow:read",False,github.audit_log
2026-07-06T18:55:53.301597Z,charlotte.reid,pat_003_fgp,repo.pull_request.read,165.243.77.246,GB,United Kingdom,London,51.480912422006064,-0.15138988736377648,AS5607,Sky UK,GitHub CLI 2.52.0,"repo:read,user:email",False,github.audit_log
2026-07-06T19:06:52.301597Z,felix.tremblay,pat_006_fgp,repo.contents.read,89.150.65.46,CA,Canada,Montreal,45.51562985735616,-73.54047271374672,AS577,Bell Canada,Mozilla/5.0 (Windows NT 10.0; Win64; x64) AppleWebKit/537.36 Chrome/126.0.0.0 Safari/537.36,"repo:read,user:email",False,github.audit_log
2026-07-06T19:10:15.301597Z,grzegorz.nowak,pat_007_fgp,repo.pull_request.read,116.135.196.168,PL,Poland,Warsaw,52.22883508753718,21.018737729117145,AS5617,Orange Polska,git/2.44.0,"repo:read,user:email",False,github.audit_log
2026-07-06T19:34:31.301597Z,daniel.kelly,pat_004_fgp,repo.clone,163.242.135.248,IE,Ireland,Dublin,53.35913545833062,-6.231976588158535,AS15502,Vodafone Ireland,git/2.43.0,"repo:read,user:email",False,github.audit_log
2026-07-06T20:06:01.301597Z,han.lee,pat_008_fgp,repo.contents.read,54.2.160.64,SG,Singapore,Singapore,1.3692396067238715,103.83253194763354,AS3758,Singtel,Mozilla/5.0 (Windows NT 10.0; Win64; x64) AppleWebKit/537.36 Chrome/126.0.0.0 Safari/537.36,"repo:read,workflow:read",False,github.audit_log
2026-07-06T20:37:40.301597Z,felix.tremblay,pat_006_fgp,repo.fetch,56.121.162.207,CA,Canada,Montreal,45.51618630606724,-73.57587301203878,AS577,Bell Canada,git/2.44.0,"repo:read,workflow:read",False,github.audit_log
2026-07-06T20:51:23.301597Z,alice.martin,pat_001_fgp,repo.clone,32.219.69.222,FR,France,Paris,48.854301906643094,2.3252170780093175,AS3215,Orange France,Mozilla/5.0 (Windows NT 10.0; Win64; x64) AppleWebKit/537.36 Chrome/126.0.0.0 Safari/537.36,"repo:read,workflow:read",False,github.audit_log
2026-07-06T21:12:24.301597Z,eva.rossi,pat_005_fgp,repo.clone,22.50.235.5,US,United States,New York,40.69025423075382,-73.98454090400428,AS7018,AT&T US,Mozilla/5.0 (Windows NT 10.0; Win64; x64) AppleWebKit/537.36 Chrome/126.0.0.0 Safari/537.36,"repo:read,workflow:read",False,github.audit_log
2026-07-06T21:26:57.301597Z,alice.martin,pat_001_fgp,repo.clone,192.223.0.134,FR,France,Paris,48.88213450992995,2.354507119825567,AS3215,Orange France,git/2.43.0,"repo:read,workflow:read",False,github.audit_log
2026-07-06T21:45:14.301597Z,benoit.dupont,pat_002_fgp,repo.contents.read,82.92.223.163,FR,France,Lyon,45.78285469667244,4.863843314163942,AS3215,Orange France,Mozilla/5.0 (Windows NT 10.0; Win64; x64) AppleWebKit/537.36 Chrome/126.0.0.0 Safari/537.36,"repo:read,workflow:read",False,github.audit_log
2026-07-06T21:58:42.301597Z,alice.martin,pat_001_fgp,repo.contents.read,133.3.180.77,FR,France,Paris,48.871808507503566,2.3734068770341463,AS3215,Orange France,Mozilla/5.0 (Windows NT 10.0; Win64; x64) AppleWebKit/537.36 Chrome/126.0.0.0 Safari/537.36,"repo:read,user:email",False,github.audit_log
2026-07-07T08:29:41.301597Z,alice.martin,pat_001_fgp,repo.contents.write,157.75.28.43,RU,Russia,Moscow,55.74613038584067,37.604801501583054,AS8359,MTS PJSC,python-requests/2.32.3,"admin:org,repo:write",True,github.audit_log
2026-07-07T09:36:41.301597Z,charlotte.reid,pat_003_fgp,repo.contents.write,195.145.43.56,NG,Nigeria,Lagos,6.522368134464778,3.398911032948319,AS29465,MTN Nigeria,python-requests/2.32.3,"admin:org,repo:write",True,github.audit_log
2026-07-07T10:43:41.301597Z,eva.rossi,pat_005_fgp,repo.contents.write,67.210.73.204,SG,Singapore,Singapore,1.3554058455051343,103.83049960450586,AS3758,Singtel,Go-http-client/1.1,"admin:org,repo:write",True,github.audit_log
2026-07-07T11:50:41.301597Z,han.lee,pat_008_fgp,repo.settings.write,53.175.232.153,US,United States,New York,40.716423839637294,-74.01680744851285,AS7018,AT&T US,python-requests/2.32.3,"admin:org,repo:write",True,github.audit_log
2026-07-07T15:50:47.301597Z,alice.martin,pat_001_fgp,repo.clone,148.109.135.34,FR,France,Paris,48.882595562679626,2.3750518504211864,AS3215,Orange France,git/2.43.0,"repo:read,workflow:read",False,github.audit_log
2026-07-07T16:21:06.301597Z,daniel.kelly,pat_004_fgp,repo.pull_request.read,214.173.187.194,IE,Ireland,Dublin,53.32845604156214,-6.254152222930287,AS15502,Vodafone Ireland,Mozilla/5.0 (Windows NT 10.0; Win64; x64) AppleWebKit/537.36 Chrome/126.0.0.0 Safari/537.36,"repo:read,user:email",False,github.audit_log
2026-07-07T16:39:30.301597Z,han.lee,pat_008_fgp,repo.pull_request.read,167.14.66.124,SG,Singapore,Singapore,1.3773238791382862,103.79657624876242,AS3758,Singtel,Mozilla/5.0 (Windows NT 10.0; Win64; x64) AppleWebKit/537.36 Chrome/126.0.0.0 Safari/537.36,"repo:read,workflow:read",False,github.audit_log
2026-07-07T17:08:40.301597Z,daniel.kelly,pat_004_fgp,repo.clone,222.14.41.12,IE,Ireland,Dublin,53.37671281123823,-6.244038657872332,AS15502,Vodafone Ireland,GitHub CLI 2.52.0,"repo:read,user:email",False,github.audit_log
2026-07-07T17:23:45.301597Z,benoit.dupont,pat_002_fgp,repo.fetch,81.166.195.153,FR,France,Lyon,45.76583341024588,4.832922925054528,AS3215,Orange France,Mozilla/5.0 (Windows NT 10.0; Win64; x64) AppleWebKit/537.36 Chrome/126.0.0.0 Safari/537.36,"repo:read,user:email",False,github.audit_log
2026-07-07T19:42:34.301597Z,alice.martin,pat_001_fgp,repo.contents.read,51.243.230.67,FR,France,Paris,48.87170660719003,2.372591773270515,AS3215,Orange France,GitHub CLI 2.52.0,"repo:read,workflow:read",False,github.audit_log
2026-07-07T20:06:00.301597Z,eva.rossi,pat_005_fgp,repo.clone,183.68.160.31,US,United States,New York,40.69711436358633,-74.02898306576175,AS7018,AT&T US,GitHub CLI 2.52.0,"repo:read,user:email",False,github.audit_log
2026-07-07T20:52:14.301597Z,grzegorz.nowak,pat_007_fgp,repo.contents.read,39.212.76.38,PL,Poland,Warsaw,52.233695635623306,21.01716062521266,AS5617,Orange Polska,git/2.44.0,"repo:read,user:email",False,github.audit_log
2026-07-07T20:53:53.301597Z,eva.rossi,pat_005_fgp,repo.contents.read,38.69.155.2,US,United States,New York,40.739729407743674,-74.0160669670813,AS7018,AT&T US,Mozilla/5.0 (Windows NT 10.0; Win64; x64) AppleWebKit/537.36 Chrome/126.0.0.0 Safari/537.36,"repo:read,workflow:read",False,github.audit_log
2026-07-07T21:11:13.301597Z,han.lee,pat_008_fgp,repo.fetch,178.233.174.94,SG,Singapore,Singapore,1.3716186594371238,103.83879532119464,AS3758,Singtel,Mozilla/5.0 (Windows NT 10.0; Win64; x64) AppleWebKit/537.36 Chrome/126.0.0.0 Safari/537.36,"repo:read,workflow:read",False,github.audit_log
2026-07-08T13:29:58.301597Z,alice.martin,pat_001_fgp,repo.contents.read,30.146.120.70,FR,France,Paris,48.84675085219728,2.3757816099674187,AS3215,Orange France,git/2.44.0,"repo:read,user:email",False,github.audit_log
2026-07-08T14:09:33.301597Z,han.lee,pat_008_fgp,repo.fetch,148.100.134.188,SG,Singapore,Singapore,1.3752801499247338,103.79438774271344,AS3758,Singtel,git/2.44.0,"repo:read,user:email",False,github.audit_log
2026-07-08T15:10:46.301597Z,felix.tremblay,pat_006_fgp,repo.pull_request.read,125.5.135.54,CA,Canada,Montreal,45.486872451788116,-73.59333231319616,AS577,Bell Canada,GitHub CLI 2.52.0,"repo:read,user:email",False,github.audit_log
2026-07-08T16:11:05.301597Z,grzegorz.nowak,pat_007_fgp,repo.pull_request.read,58.228.22.68,PL,Poland,Warsaw,52.22608442537117,20.99800404857974,AS5617,Orange Polska,GitHub CLI 2.52.0,"repo:read,user:email",False,github.audit_log
2026-07-08T16:42:43.301597Z,benoit.dupont,pat_002_fgp,repo.pull_request.read,198.67.46.233,FR,France,Lyon,45.751706627097754,4.850548851896303,AS3215,Orange France,git/2.43.0,"repo:read,user:email",False,github.audit_log
2026-07-08T16:56:02.301597Z,charlotte.reid,pat_003_fgp,repo.clone,95.48.197.73,GB,United Kingdom,London,51.492319747097966,-0.10650602440093573,AS5607,Sky UK,git/2.43.0,"repo:read,workflow:read",False,github.audit_log
2026-07-08T16:57:08.301597Z,charlotte.reid,pat_003_fgp,repo.pull_request.read,15.185.158.47,GB,United Kingdom,London,51.534270158815765,-0.1370960592921071,AS5607,Sky UK,Mozilla/5.0 (Windows NT 10.0; Win64; x64) AppleWebKit/537.36 Chrome/126.0.0.0 Safari/537.36,"repo:read,user:email",False,github.audit_log
2026-07-08T17:18:19.301597Z,grzegorz.nowak,pat_007_fgp,repo.clone,180.55.10.13,PL,Poland,Warsaw,52.24108498490265,21.00720653391077,AS5617,Orange Polska,Mozilla/5.0 (Windows NT 10.0; Win64; x64) AppleWebKit/537.36 Chrome/126.0.0.0 Safari/537.36,"repo:read,user:email",False,github.audit_log
2026-07-08T17:53:43.301597Z,eva.rossi,pat_005_fgp,repo.contents.read,203.169.220.28,US,United States,New York,40.68343286636708,-74.02047569777578,AS7018,AT&T US,git/2.43.0,"repo:read,workflow:read",False,github.audit_log
2026-07-08T17:59:15.301597Z,alice.martin,pat_001_fgp,repo.contents.read,67.229.142.208,FR,France,Paris,48.87875801924758,2.367728442027786,AS3215,Orange France,git/2.43.0,"repo:read,workflow:read",False,github.audit_log
2026-07-08T18:00:37.301597Z,benoit.dupont,pat_002_fgp,repo.contents.read,149.18.35.61,FR,France,Lyon,45.77186966101128,4.860955745926818,AS3215,Orange France,git/2.43.0,"repo:read,user:email",False,github.audit_log
2026-07-08T18:23:25.301597Z,han.lee,pat_008_fgp,repo.clone,51.53.213.234,SG,Singapore,Singapore,1.3575450181794204,103.8379358870427,AS3758,Singtel,Mozilla/5.0 (Windows NT 10.0; Win64; x64) AppleWebKit/537.36 Chrome/126.0.0.0 Safari/537.36,"repo:read,user:email",False,github.audit_log
2026-07-08T18:26:31.301597Z,charlotte.reid,pat_003_fgp,repo.pull_request.read,141.114.62.253,GB,United Kingdom,London,51.489258822270656,-0.14926738767769804,AS5607,Sky UK,Mozilla/5.0 (Windows NT 10.0; Win64; x64) AppleWebKit/537.36 Chrome/126.0.0.0 Safari/537.36,"repo:read,user:email",False,github.audit_log
2026-07-08T18:33:56.301597Z,eva.rossi,pat_005_fgp,repo.pull_request.read,179.78.216.203,US,United States,New York,40.7054194490823,-74.00905599674998,AS7018,AT&T US,Mozilla/5.0 (Windows NT 10.0; Win64; x64) AppleWebKit/537.36 Chrome/126.0.0.0 Safari/537.36,"repo:read,workflow:read",False,github.audit_log
2026-07-08T18:40:27.301597Z,alice.martin,pat_001_fgp,repo.pull_request.read,215.55.127.50,FR,France,Paris,48.83801253450645,2.3491168128699877,AS3215,Orange France,Mozilla/5.0 (Windows NT 10.0; Win64; x64) AppleWebKit/537.36 Chrome/126.0.0.0 Safari/537.36,"repo:read,user:email",False,github.audit_log
2026-07-08T18:45:35.301597Z,benoit.dupont,pat_002_fgp,repo.contents.read,120.55.251.183,FR,France,Lyon,45.788582049746914,4.810109442945987,AS3215,Orange France,git/2.44.0,"repo:read,workflow:read",False,github.audit_log
2026-07-08T19:04:57.301597Z,benoit.dupont,pat_002_fgp,repo.pull_request.read,170.203.41.219,FR,France,Lyon,45.75371393533901,4.846161449709241,AS3215,Orange France,Mozilla/5.0 (Windows NT 10.0; Win64; x64) AppleWebKit/537.36 Chrome/126.0.0.0 Safari/537.36,"repo:read,workflow:read",False,github.audit_log
2026-07-08T19:35:39.301597Z,grzegorz.nowak,pat_007_fgp,repo.clone,33.198.203.142,PL,Poland,Warsaw,52.219267608322184,20.998772049194436,AS5617,Orange Polska,Mozilla/5.0 (Windows NT 10.0; Win64; x64) AppleWebKit/537.36 Chrome/126.0.0.0 Safari/537.36,"repo:read,user:email",False,github.audit_log
2026-07-08T19:46:35.301597Z,eva.rossi,pat_005_fgp,repo.contents.read,176.169.48.230,US,United States,New York,40.7144895511385,-74.03344689454298,AS7018,AT&T US,git/2.43.0,"repo:read,workflow:read",False,github.audit_log
2026-07-08T19:49:25.301597Z,han.lee,pat_008_fgp,repo.pull_request.read,192.59.180.144,SG,Singapore,Singapore,1.3509221953434376,103.82403829165519,AS3758,Singtel,Mozilla/5.0 (Windows NT 10.0; Win64; x64) AppleWebKit/537.36 Chrome/126.0.0.0 Safari/537.36,"repo:read,workflow:read",False,github.audit_log
2026-07-08T20:13:31.301597Z,han.lee,pat_008_fgp,repo.pull_request.read,13.72.63.11,SG,Singapore,Singapore,1.3224017903444403,103.8255992932472,AS3758,Singtel,git/2.44.0,"repo:read,workflow:read",False,github.audit_log
2026-07-08T21:46:17.301597Z,eva.rossi,pat_005_fgp,repo.fetch,94.192.143.210,US,United States,New York,40.72995199190063,-74.01409906775629,AS7018,AT&T US,git/2.43.0,"repo:read,user:email",False,github.audit_log
2026-07-08T21:56:17.301597Z,daniel.kelly,pat_004_fgp,repo.fetch,147.19.89.107,IE,Ireland,Dublin,53.37273469838989,-6.279752677547668,AS15502,Vodafone Ireland,git/2.44.0,"repo:read,workflow:read",False,github.audit_log
2026-07-08T22:13:25.301597Z,benoit.dupont,pat_002_fgp,repo.pull_request.read,177.209.59.36,FR,France,Lyon,45.736720808660806,4.8079327276934825,AS3215,Orange France,Mozilla/5.0 (Windows NT 10.0; Win64; x64) AppleWebKit/537.36 Chrome/126.0.0.0 Safari/537.36,"repo:read,user:email",False,github.audit_log
2026-07-08T22:30:12.301597Z,felix.tremblay,pat_006_fgp,repo.contents.read,39.123.255.164,CA,Canada,Montreal,45.50753578608826,-73.56570280994383,AS577,Bell Canada,git/2.44.0,"repo:read,workflow:read",False,github.audit_log
